ID,RiskScore
0,32.65329061054528
1,57.63953027202995
2,30.55709097068609
3,34.0594715315272
4,35.026842013975696
5,73.48969725127743
6,30.818375927800798
7,30.293065610102154
8,31.636477430242046
9,62.32653442486055
10,52.26877355089789
11,29.076053333909506
12,50.434881707671536
13,36.92431705202813
14,51.95418302581645
15,62.74579839846156
16,26.477627269623984
17,29.792978520512293
18,67.78254182955443
19,58.120930396241825
20,76.15961587875002
21,31.281328226975855
22,65.17843399837287
23,36.62578721946005
24,55.26907816238328
25,30.08943104925038
26,33.44170613214302
27,29.72826059300483
28,55.81437180356056
29,74.26869733797045
30,32.26954562422827
31,63.611732019576706
32,33.075923316640875
33,30.460409130586758
34,39.152137949875616
35,36.779501608157375
36,67.93265644920801
37,56.64458015663943
38,47.06395375608466
39,71.47809019469969
40,64.57155305333535
41,57.88700933703219
42,76.2073696557263
43,27.91682940378573
44,47.241610020906045
45,29.319919763858888
46,34.6999905169653
47,70.78879787747722
48,30.773497974685046
49,34.96103043372539
50,61.708788142522316
51,58.92518643614243
52,52.34387150342457
53,35.91228010894686
54,30.87816691521955
55,33.871827481922594
56,74.79907456424054
57,39.00678811725176
58,42.728317508421895
59,57.72652122809087
60,72.7976565258492
61,50.69967522133383
62,28.297050348128256
63,80.4788582262722
64,29.318476870892912
65,32.493740412063524
66,57.89733701917326
67,63.875523754263774
68,37.25844132312022
69,64.83594591020689
70,38.56154964782103
71,41.9337799073899
72,49.50226886747602
73,64.06638615664147
74,56.46845906400669
75,61.43424951687544
76,66.82459581491487
77,26.622092295768947
78,50.16155449636967
79,62.1428514914396
80,67.94540278382121
81,62.11210715008224
82,57.39397330604956
83,36.7604396316932
84,69.30792046137435
85,70.99228618136081
86,59.217092633853355
87,26.540205209492978
88,55.26900997472594
89,75.86917545766842
90,33.40606591041329
91,59.431720364332904
92,34.61705815429865
93,29.957730333941868
94,39.58482927400986
95,37.38325773035186
96,35.53806818935879
97,64.646059644579
98,33.707585147514436
99,64.38196737757579
100,33.936018723720814
101,32.92757024720104
102,71.45922401506623
103,74.5073207494133
104,29.876605415078853
105,86.19840284180839
106,69.235788740327
107,70.37315841989272
108,36.4466452440052
109,75.13106358305446
110,49.16890516866426
111,64.46355032039722
112,78.77531750789588
113,68.78032391551548
114,64.46536484748036
115,34.43585054370173
116,72.36634268569655
117,56.30052193123403
118,39.020717821582444
119,46.29153438787725
120,30.667633801656308
121,73.28049792556729
122,30.777707815103735
123,58.464539452786084
124,33.50775543582016
125,66.93448161344266
126,20.23713841185847
127,27.85830997827801
128,34.58246478813495
129,75.82692539956535
130,28.93578995421427
131,65.58547921625447
132,71.9752372794072
133,79.75369847292245
134,28.348990981314714
135,35.99640232137191
136,25.102450852062933
137,34.407017051835965
138,35.857089039793905
139,41.46617522261588
140,49.043282143602134
141,51.01168441758961
142,26.66833012905091
143,26.007605143345717
144,67.72930238349073
145,30.63953270309747
146,54.535334061224276
147,72.1725309013695
148,69.58119131252238
149,70.95569563615061
150,39.18353813200257
151,32.114662751144984
152,72.82553412442107
153,46.00861176199627
154,60.72722211226849
155,37.34153173979708
156,66.53831449905489
157,68.41180086489366
158,62.40367242656031
159,67.36013478138582
160,50.106224658124304
161,33.606457382358684
162,65.78481681246953
163,35.694273478236
164,45.55626943701661
165,54.50446219138268
166,31.333401328200218
167,46.42497804435139
168,34.33134328233685
169,27.461200108881354
170,36.44803907553415
171,37.96588746557457
172,64.53734488156239
173,43.355128662701844
174,35.04884563008214
175,41.58645485870252
176,65.88490654413036
177,41.384642244633305
178,30.27334241201962
179,70.32520244185754
180,41.34143784808579
181,34.41126369181947
182,68.137162442293
183,46.29775420322745
184,76.40410330452248
185,70.08390740299316
186,70.2458378000393
187,66.19911588427219
188,34.82576619219356
189,22.928901876410727
190,30.841698937526587
191,73.02429689583266
192,61.873956469735845
193,31.259431594263006
194,64.32793711894388
195,29.19729301909295
196,31.937457074188345
197,63.49918403752426
198,74.28867573077515
199,34.997300912248974
200,28.840634060007222
201,60.366530205514245
202,30.823094027472667
203,32.625617571153654
204,73.61650027050821
205,62.33645376453694
206,62.13464757958027
207,51.873977586042294
208,56.470137584627864
209,71.57726021590888
210,28.665310506359962
211,28.407340151551377
212,69.64700846443547
213,66.55945483793822
214,39.36054845305909
215,57.942887417062096
216,69.27844336650692
217,75.16310063230623
218,55.18754327934922
219,31.276477974398006
220,32.98873909158703
221,33.57011723666709
222,31.689786591171924
223,59.16579742850923
224,29.618331653154023
225,67.22340149911636
226,56.34049022323059
227,31.591088292794534
228,36.00834566196991
229,37.912377744853224
230,43.25519408446495
231,53.85691978565782
232,54.165787109273595
233,60.51661433579516
234,69.37966254959665
235,40.944281558903434
236,29.839191371677963
237,53.58346967803605
238,64.00542762367913
239,29.34077539069418
240,63.94953960037743
241,68.31891583207518
242,49.332910563899624
243,67.10575173547757
244,65.67573311985201
245,69.10196693546733
246,25.35209510939111
247,41.63279678578965
248,78.5009629058119
249,24.785148044651404
250,62.97845286367469
251,31.700800372301888
252,50.58904819217617
253,41.690743455596014
254,53.5920810574974
255,35.02751143717622
256,56.399420442699835
257,66.20619789078121
258,64.45700549523917
259,35.57918713765616
260,51.2123304516517
261,48.47577536320474
262,27.73670409967863
263,77.87767063251731
264,60.8277507740753
265,25.044835211891726
266,43.943514937129905
267,22.69180680094339
268,66.28036872463947
269,79.2463823805031
270,69.33484669031918
271,71.82663060130622
272,32.61994159495897
273,48.74713555256571
274,28.664927937266384
275,40.04696994329012
276,65.73526129179461
277,33.0755400241581
278,62.610074338193954
279,26.81245625537598
280,61.85179651853655
281,60.38577033319218
282,63.55847376890571
283,57.88852162029304
284,36.092275027077214
285,31.916904638724017
286,30.54759978112237
287,73.48195625709175
288,52.69285736327438
289,33.08458385866969
290,61.70638907987367
291,38.299590634073745
292,55.974565853751464
293,66.85103644831112
294,32.196100807390806
295,70.21269545843732
296,65.21935618277965
297,33.60729755302413
298,36.49900526565217
299,74.32682374161352
300,49.826398157679904
301,69.21369000939845
302,52.12290461414463
303,34.41987142636856
304,59.13590808483137
305,30.630237359848877
306,34.665873828563406
307,69.21656368481611
308,61.09347216044206
309,31.915725779961914
310,63.58236489046208
311,57.31777831901313
312,56.4067176176326
313,40.51498117550945
314,64.13118465013495
315,76.76405179953065
316,40.17540919751326
317,35.099071509848855
318,66.14320608338575
319,34.38842872262437
320,29.728600689828827
321,33.52918826711152
322,74.50814435668687
323,71.05120693044947
324,83.86189875489121
325,31.602118707794386
326,75.00849839673359
327,31.116787729480887
328,43.3900623233822
329,30.09810982947117
330,55.79609784566871
331,84.51920148150836
332,23.48554398850292
333,66.14422317494903
334,59.787032475779
335,60.09410747298528
336,60.29670498904282
337,32.112781746579806
338,33.99116693573956
339,52.20764792301977
340,73.56889638755038
341,74.27602105417111
342,69.97684036547938
343,63.86255920706348
344,32.16840277531541
345,32.072841110707444
346,46.60128091586873
347,38.897555248052086
348,38.35847453975021
349,26.59784278020703
350,43.04213400802832
351,31.428998795301094
352,66.4931625842417
353,28.44978685690038
354,33.69948562108381
355,33.40340790537316
356,27.875201866670626
357,30.321011571383433
358,27.585104579405485
359,70.30022741710911
360,26.758299117536836
361,25.04458293437793
362,33.00945294242331
363,63.39195027952227
364,53.49000904257985
365,55.71863811858855
366,53.02401149488533
367,34.79218152097167
368,71.74841091183927
369,44.947937566860325
370,38.15249583503832
371,31.41865212271841
372,32.51530333438887
373,68.52867563464847
374,57.85277709296256
375,37.087194649778816
376,29.830631573549976
377,61.66129670900651
378,43.07345651885751
379,74.38075685976982
380,35.19282528473137
381,29.970398628799597
382,59.84669606000129
383,69.32645910345877
384,55.181985260528876
385,64.28019281046303
386,28.684168554932256
387,27.321867499373543
388,63.12893392461629
389,32.563316959574166
390,65.4194181587184
391,67.434461339972
392,61.38779621866224
393,40.53210641895271
394,67.15209448052258
395,66.2430924753644
396,33.02147147268947
397,29.823583148329842
398,72.36685803192789
399,31.603149943655097
400,58.659341678285706
401,63.66764673776494
402,27.568297857853384
403,65.15380066634685
404,64.70427188567287
405,58.84676455675987
406,29.884037666844065
407,63.65775931066537
408,54.57854344092698
409,33.30308423975671
410,34.183942969335405
411,41.763919016590975
412,32.86281337106869
413,32.33767467584559
414,57.78633475001432
415,43.64896985832617
416,48.333662059944906
417,36.93764046215926
418,31.71771013198761
419,55.33521006787106
420,26.736466720872915
421,39.36594570210667
422,31.35862585594652
423,63.81671068865996
424,26.070344371416656
425,55.43329661181354
426,31.87035058348688
427,33.699531747191955
428,58.229488449837085
429,32.453109444670226
430,58.965720834223916
431,30.81117343295503
432,64.98866810371268
433,70.71436195198713
434,68.97251017250116
435,58.293696509077535
436,27.291510795973576
437,65.32516123403035
438,40.73346265359855
439,49.61887250847235
440,71.18514403752549
441,30.234932332192688
442,74.15946483942723
443,60.32632750556556
444,69.63259391767579
445,68.8856679146909
446,64.76842215238884
447,38.03648059534493
448,64.54429105204409
449,78.96456303984638
450,68.81926458295834
451,72.8611362934074
452,29.19586146925246
453,61.7988937415204
454,63.69139212442872
455,33.83788167481208
456,41.55396712399468
457,60.545432747014964
458,35.388305955526654
459,58.53237543649185
460,34.16304174855847
461,36.51193201860117
462,30.10647907759955
463,52.45369935601313
464,28.796685038520657
465,38.395451909899855
466,31.007953847890587
467,70.45168721484696
468,40.5937598083196
469,75.96401742631056
470,62.508441886127414
471,70.39105181395084
472,37.52115313888063
473,33.848217225683484
474,30.1512079133439
475,65.60967302489638
476,30.60611416058256
477,70.43593399376773
478,29.234464655226752
479,60.608036861614494
480,57.49265248517648
481,39.5987813853881
482,75.41229992010518
483,36.60378251957621
484,33.679274061324676
485,43.39004505197862
486,70.90571599195873
487,33.786030188583894
488,70.2411294806021
489,27.883804515983815
490,68.50591480270438
491,36.43260111268354
492,70.07305602542954
493,30.908830471647992
494,64.58328486569636
495,35.37862452447052
496,83.9152454028537
497,65.37468327361906
498,53.273914182725974
499,29.79350770761914
500,46.66603313229437
501,39.01610175494629
502,68.67618023128983
503,27.907501235674697
504,33.609564595713316
505,51.31368176895247
506,52.11930182917688
507,70.43367450318917
508,27.918431418386053
509,76.39396958695703
510,49.79121329725136
511,47.26353159162281
512,28.233019304026474
513,82.7556506144112
514,68.68860335912173
515,37.033157457154395
516,37.9479746261581
517,35.73519797636425
518,38.9855182966342
519,42.93530605437904
520,65.26596528450852
521,71.9906165686036
522,67.86638715710359
523,27.982749907033952
524,49.67226550459024
525,64.9586018062893
526,51.11640373873237
527,60.35103238545579
528,22.359164177302976
529,38.876299127239946
530,32.070520017032266
531,25.218647917192083
532,49.439138125978126
533,56.18015857718456
534,65.93579056814924
535,34.10587926485425
536,57.620605342254684
537,72.28772526787189
538,66.16489907184719
539,73.0463594367326
540,62.322260054891515
541,31.398185505021548
542,73.87090803124956
543,52.23932300923479
544,64.90598899464109
545,77.58108810186049
546,69.28165937836833
547,44.81730055998368
548,58.0635621542685
549,52.34269583757569
550,35.31600725646021
551,37.373637723845356
552,54.63170590130782
553,31.17878802870141
554,69.03486280012972
555,54.7822295251223
556,49.67613550561933
557,35.632305948670925
558,69.61385758071249
559,40.867281170864196
560,36.267989133241734
561,66.17424202231885
562,74.5629776897187
563,67.03503930968114
564,28.22773620047005
565,75.45910146429762
566,43.17591337974599
567,44.00126513144998
568,59.28809283880091
569,33.6743504051692
570,75.51967222877036
571,32.42545804006009
572,67.16446890434041
573,52.65918983631929
574,35.6687818790575
575,34.71493666499112
576,49.74163888263099
577,28.62566008218221
578,56.74470182391029
579,30.67430974372516
580,29.29465665639488
581,30.44800800102054
582,69.51608863650216
583,50.401291081329276
584,41.66670611280182
585,28.7785571500125
586,74.93561001518117
587,30.161261642158884
588,39.73075415183821
589,31.768934665534918
590,60.20598109720734
591,40.62755367005212
592,78.43212703179306
593,62.902587220156754
594,64.4318659081321
595,28.810809926045184
596,71.63736623793459
597,35.25264506837255
598,54.886116648000794
599,58.39858521593467
600,36.62004973475555
601,64.29442296016575
602,56.12178567845721
603,72.02733224602275
604,66.70922524066604
605,40.55292325161071
606,37.58649167374245
607,69.43153446063698
608,33.74025794586316
609,30.6449931752712
610,64.53176886004402
611,41.96951375099214
612,34.66821518554032
613,53.30651383801069
614,33.19390394382636
615,36.234700369926834
616,32.560747361927085
617,27.60753693810194
618,45.26128341656612
619,31.71080356317437
620,37.404775834626754
621,56.44896527712776
622,60.75651161044557
623,65.79240318545881
624,26.943858153553652
625,71.74719650468461
626,60.46713930269696
627,63.115128169436254
628,75.4525710212861
629,34.99802072479418
630,32.60805759712142
631,37.43183527236918
632,73.7079242011068
633,34.12004736903006
634,31.836857913251308
635,38.71720493268579
636,47.97112239994141
637,66.44068303992617
638,31.50054858424942
639,70.98026824986228
640,70.32688908513538
641,32.941819667500965
642,34.35668452193268
643,70.77564829415984
644,60.010929003026234
645,30.15924722299285
646,71.17320198368228
647,60.762360006381556
648,53.79153924981848
649,84.14340639292445
650,34.03921074560115
651,30.777929594655735
652,22.49739923397833
653,30.4134935389564
654,35.478284324558786
655,41.47820923566627
656,28.564411984330643
657,74.38536840255449
658,31.41046811961222
659,40.41972725857113
660,37.30124351162682
661,24.348230979725678
662,29.739903719028344
663,32.94508180299265
664,54.428213138624955
665,68.0375267775768
666,28.97406853770887
667,39.52327330653989
668,50.74479825005893
669,32.2978595094076
670,31.781200892086595
671,33.02165625790569
672,27.099242956160875
673,31.694990404548214
674,30.286201848546828
675,72.28291022488695
676,58.679635909985805
677,31.528817080615713
678,33.760152926919346
679,71.02050039880811
680,68.35042582263792
681,37.64170091619141
682,34.33760326687198
683,44.623976912036774
684,29.43271356265331
685,52.603377662151864
686,73.41854933668765
687,36.00604278800329
688,72.55330846779042
689,63.181116608396636
690,36.069149021948384
691,69.90789384348352
692,59.79779717624882
693,50.36462478120058
694,25.973052131591302
695,68.42790890741169
696,56.00208172563314
697,66.02554101131301
698,71.49802219985251
699,51.72189244669782
700,56.83664156880741
701,36.28486248175899
702,27.749128378583634
703,32.757034692321355
704,31.997347535726867
705,28.214265471629236
706,37.8080376904471
707,68.73214968787414
708,53.738873340613196
709,39.84711130022518
710,62.91538780090699
711,64.68213707594447
712,36.75866451987288
713,74.75173679160592
714,68.9081915891231
715,23.298298020100514
716,27.50363313928441
717,64.06943965282974
718,36.66641708080231
719,43.820624687532124
720,64.07492349255945
721,67.41396350640767
722,31.24508317605041
723,31.91702152805902
724,60.556510498367665
725,33.961446650467735
726,29.310551371992567
727,47.201013010689756
728,68.42944195690643
729,31.055163392172098
730,45.429924142167785
731,51.41259492825836
732,33.934843990712736
733,39.683332893727965
734,49.97565266354115
735,26.759398529508136
736,60.74792249190764
737,49.03002991449695
738,39.63392811739842
739,29.929466302382597
740,29.653305737280146
741,69.80814910029784
742,48.350739470933796
743,52.41782507776311
744,28.871869056986835
745,58.46365715179249
746,71.13422527519943
747,58.85233083500654
748,34.081872911987
749,42.17811970486541
750,67.69048317359515
751,51.88743262194461
752,80.62386416894844
753,57.73880271860213
754,50.41329993418558
755,53.38858410326463
756,27.87305119980474
757,69.46206014381248
758,67.80242130338527
759,61.22240052507427
760,32.846341843688975
761,38.73993885808809
762,39.38239328147019
763,41.223924672082624
764,65.70099471290364
765,64.25875714557758
766,28.273609154694558
767,82.01418334866217
768,27.19315543846394
769,50.11386442446907
770,34.16532016635817
771,71.94753098986247
772,62.94703128041297
773,27.166360915917817
774,30.936736470559634
775,43.79193208145662
776,36.69663535231921
777,32.066354245057845
778,35.62914472260509
779,31.997222629369958
780,51.27614527212828
781,53.35300794050275
782,76.21101874507599
783,69.12411734833823
784,39.304007963524114
785,29.079302358066965
786,59.74472132545042
787,69.24639193241711
788,66.75614044249726
789,40.09348988215606
790,68.41978058198384
791,31.407091225097272
792,33.735159147891
793,33.27244633468867
794,71.78441662264133
795,34.99108829688021
796,43.224421658937715
797,33.94091275619054
798,75.85945591065106
799,62.767803019472105
800,69.33777618747703
801,42.86312731796268
802,27.171629185342884
803,58.17231701300172
804,66.78799827308339
805,66.56261055667089
806,69.95364604609847
807,60.39217974951444
808,71.39854597438841
809,53.65001198624697
810,75.08903721840377
811,57.817208898752085
812,31.2795292850182
813,75.38438358366301
814,44.86736864695741
815,72.47049058173857
816,26.532904809990587
817,57.32963891983282
818,67.93196251840281
819,32.45879234513819
820,35.108600186481596
821,57.426425170084165
822,40.49282991600921
823,62.15375156720339
824,75.54458188787738
825,84.99325913020088
826,42.99611461675232
827,31.944367927571992
828,27.6089715842171
829,34.729836381600194
830,31.592163169713455
831,62.53625270163454
832,45.03187784393695
833,56.189125243264925
834,30.38646384410421
835,63.37118724686925
836,28.42399734038323
837,36.17897255849041
838,31.85499336562665
839,59.45487917722959
840,69.33119304725976
841,67.30976089457222
842,63.528005490897314
843,53.525707581099375
844,86.687132999831
845,49.83897351318442
846,40.822865576497485
847,31.819198011236285
848,67.40874498376753
849,37.65353004123104
850,36.87316045278892
851,57.73366035247953
852,47.645267066322866
853,29.847323003401424
854,35.03891352243593
855,27.82859383170393
856,56.952058122265925
857,26.8100547422105
858,33.37050814706915
859,67.31709282272635
860,33.13592784406872
861,51.83034728011046
862,42.65852722544164
863,31.269545009886293
864,28.720418319614243
865,48.68757682355439
866,71.9013876176878
867,27.850630904905973
868,30.852585724388035
869,70.87234377641009
870,28.316642247991965
871,28.952627776673616
872,45.30797548081277
873,52.17634451156157
874,26.71156607425932
875,74.13365530615351
876,32.28663835235392
877,34.31895482546335
878,34.12358334069325
879,31.477771499735198
880,29.17108028907169
881,30.66965878019708
882,74.60594818766182
883,34.03841043672681
884,42.14383331455571
885,28.69395526645788
886,55.02636365994225
887,55.613480061716494
888,73.35822747359504
889,67.31012290021614
890,31.840535946250974
891,32.24427082081979
892,71.65279484720492
893,30.4947749805029
894,36.22424791291154
895,24.4914736202089
896,37.15024893815524
897,50.42872575677282
898,53.65806787324235
899,68.74053724966214
900,33.2516239225621
901,77.14351218960881
902,73.4691003791318
903,77.1344469814552
904,64.2786152003703
905,75.49723468086621
906,43.998592076498824
907,73.33291155005791
908,61.72185310120247
909,57.532233260094785
910,41.95488262098638
911,72.13302807425919
912,77.9776039401986
913,62.02386627527451
914,30.751968278671463
915,51.57449240696368
916,59.456498596142524
917,51.447546121607544
918,28.21927716528354
919,36.57755530319693
920,25.847210516758107
921,33.829929408939435
922,49.59979358710417
923,39.17806190915774
924,66.86858189917734
925,84.21807958146763
926,62.88319351336427
927,36.44196210523173
928,51.56234731682422
929,30.81200569906293
930,37.304684790049926
931,33.034155576966086
932,29.081154752372584
933,46.012695295798196
934,34.780906245472465
935,56.70506709044734
936,68.69811946561344
937,25.929507904578493
938,60.49312715727405
939,57.29299678058152
940,60.817387089982496
941,37.00393182113514
942,36.95809772475089
943,68.72795355663628
944,32.20299382857601
945,71.4825507069391
946,37.23814438713734
947,62.124592291649755
948,39.90283546137819
949,35.12173486976447
950,29.513194028802634
951,50.14063005943477
952,51.55304663690272
953,60.49885360809435
954,37.26942357616913
955,84.53251866265727
956,69.4141514677536
957,52.94023493083138
958,40.73033105870863
959,32.63885832700354
960,36.5042420374848
961,40.07693548121084
962,28.299478473197055
963,72.74336112533497
964,52.80456886626753
965,38.95630864809145
966,33.23915953011884
967,66.04566839923952
968,30.799760564972374
969,26.963830215503084
970,63.963232260624636
971,32.26379283869994
972,29.766122555755363
973,53.859395370431926
974,38.45035519314555
975,31.6819038650828
976,70.34341116593217
977,67.40226626967926
978,62.538119519462896
979,33.03600473148301
980,58.09959048243288
981,29.191128666409355
982,65.7040935412225
983,32.229312129490154
984,52.60066098061045
985,50.65172224980898
986,30.946603207649723
987,69.27610584921067
988,28.36946625188445
989,70.24647582966456
990,31.060130507316014
991,57.502031356555065
992,35.11108536944129
993,30.15549792850293
994,68.01513612399974
995,23.172320374565555
996,49.78840102699749
997,29.75402669175584
998,75.19285276636819
999,32.03716230667682
1000,30.875030146073033
1001,69.44590607812648
1002,29.154370435908266
1003,58.172413184030916
1004,62.5126426598455
1005,26.985698658614616
1006,74.63884897661143
1007,34.99148041191075
1008,67.25436446811196
1009,29.80160273854654
1010,85.47712072341446
1011,33.24976810491837
1012,27.5405971229843
1013,78.12037673989306
1014,39.90637010337644
1015,72.44132550823831
1016,35.38975485513347
1017,43.443480488599384
1018,28.586046811031085
1019,67.09585057526958
1020,28.288263087530144
1021,38.96109198383877
1022,39.236562898918024
1023,62.187153436641005
1024,68.11354558087112
1025,29.490110780807793
1026,35.925444156272086
1027,33.47677480708658
1028,25.35623830034203
1029,31.224642674785574
1030,61.09220584509036
1031,29.467306143210596
1032,38.488454067498296
1033,33.64359055657041
1034,33.13265731897407
1035,70.80370423442251
1036,66.20326632081783
1037,65.97843899401471
1038,54.81498813943197
1039,66.52508668197179
1040,55.040689704129406
1041,27.355295105419405
1042,64.60041269021859
1043,70.50412185880634
1044,24.986886708259203
1045,63.86557423306039
1046,38.51264889431535
1047,35.604253797568795
1048,50.93469231118819
1049,29.092757967038768
1050,31.826571395197977
1051,64.49877724441322
1052,38.75896789607923
1053,55.89489978581854
1054,66.78718388997551
1055,38.573608394991936
1056,28.993892010213674
1057,29.860088008478755
1058,60.344719083577104
1059,29.924907142994293
1060,58.656456374501374
1061,60.49088572159416
1062,72.12625761107125
1063,57.04540718502638
1064,35.11046205400654
1065,64.12856611131609
1066,52.93178979766366
1067,41.40461829738467
1068,34.087959108001115
1069,36.79343751024647
1070,52.78845595300871
1071,26.775356721544927
1072,46.2293562103355
1073,33.03894615647309
1074,61.95468198172439
1075,34.65156807185498
1076,71.82846457985146
1077,39.27362372071437
1078,58.59079046563232
1079,52.16134687293087
1080,32.38485904927367
1081,30.793122185287334
1082,33.28234941573773
1083,68.4072243688324
1084,62.30295353439537
1085,30.247471222940923
1086,33.05155268807403
1087,62.79412919890309
1088,31.872265866845456
1089,42.04586354806114
1090,32.37313777536458
1091,73.46088888585032
1092,60.45377630611712
1093,29.009005880490864
1094,34.556934271763566
1095,68.7277741706092
1096,36.765591378636195
1097,69.1819383016617
1098,65.06689216783117
1099,73.54052222525385
1100,27.124156443494197
1101,25.907570080751086
1102,59.346783320399695
1103,28.810947093675875
1104,59.63310809038668
1105,35.97012595963734
1106,64.4951810318433
1107,63.280598780309234
1108,24.488207013311605
1109,60.07481662797491
1110,46.12880357349114
1111,39.86217178759601
1112,54.74940009513625
1113,32.453617736982096
1114,61.02892581464619
1115,56.678694348390685
1116,51.93688277484912
1117,37.73600324482227
1118,67.9850877763472
1119,30.85768384862192
1120,37.0422531817508
1121,33.51978884032764
1122,31.251889886135018
1123,33.18629818553601
1124,64.04764607991217
1125,29.207569170889315
1126,64.89255403262274
1127,60.65912329440751
1128,38.79427453067622
1129,36.495242609458224
1130,68.64472951500146
1131,76.94952656737632
1132,33.83179229695414
1133,35.53369250811348
1134,59.5553431491954
1135,45.380708073912984
1136,43.19222441678543
1137,45.24903942518003
1138,57.52389117836239
1139,36.03606264383123
1140,42.3465727476304
1141,57.54044581632892
1142,76.83295673611582
1143,29.491405837319878
1144,64.69555884658709
1145,75.06984171810676
1146,30.42427531028263
1147,51.55744006912979
1148,31.994798619569316
1149,73.38600459584904
1150,28.784113444483395
1151,36.44414004522803
1152,29.581400551148413
1153,60.854877252406546
1154,34.37183710447171
1155,30.983809272364407
1156,34.68075005130949
1157,69.5665969299428
1158,74.0817708648045
1159,66.47734118900821
1160,30.365581995297678
1161,61.20531975207733
1162,65.51929798166462
1163,32.49121694963208
1164,67.4255398966735
1165,69.4744052004853
1166,73.63906534094166
1167,64.81407058191212
1168,38.2599685818248
1169,55.42527658019729
1170,27.275530299689745
1171,67.07168511373492
1172,28.417780052635916
1173,60.07830589661334
1174,63.667391467529995
1175,56.80973888602568
1176,66.2690978278087
1177,65.75947616071862
1178,38.25543403520337
1179,29.686982036849688
1180,35.44526518500959
1181,70.92806279803987
1182,39.996316946634536
1183,31.54323660505315
1184,37.662218248146424
1185,36.80751488706122
1186,64.65598857709408
1187,56.28705022380661
1188,28.52564903722292
1189,27.60202565091408
1190,28.157510808176593
1191,45.624370762447214
1192,42.46312160508437
1193,35.25354497729035
1194,50.33172521118335
1195,38.150685937917565
1196,30.281439908553672
1197,66.78505876475211
1198,33.619040824530344
1199,56.0017858870716
1200,62.382994065876005
1201,37.364257027273524
1202,75.17731722251602
1203,61.08402728854591
1204,62.03466781415685
1205,30.141848727723858
1206,32.68786250579444
1207,53.3853909029824
1208,41.14751478701993
1209,64.02523263055264
1210,64.75876419300427
1211,52.60312726116325
1212,75.63627841202356
1213,46.971044435449386
1214,72.30761484396857
1215,61.89410120853246
1216,25.065653686088528
1217,57.864860305116316
1218,33.55057587521516
1219,61.198698085892296
1220,50.50025889144701
1221,34.054580952666086
1222,34.8477661375216
1223,39.118208476173606
1224,34.272475303887624
1225,59.84859647927928
1226,75.2446900750594
1227,61.701707111432945
1228,51.73368589351932
1229,76.69405851368631
1230,47.707669111889054
1231,29.868082015240443
1232,51.102281744076734
1233,62.96817155818723
1234,72.98552757836293
1235,40.522998464325454
1236,73.43112381874454
1237,56.10198376900431
1238,48.588155079520526
1239,34.42515275891584
1240,32.9044689601141
1241,66.05901535975423
1242,32.64833155276894
1243,35.79749100102241
1244,48.20693565863388
1245,55.89106391148625
1246,74.46442169431607
1247,47.041416621112624
1248,77.27557391792031
1249,32.1703939739279
1250,45.584212120279474
1251,32.656573133351024
1252,28.68096071859424
1253,29.26141085010072
1254,77.2269592480995
1255,61.77752642455155
1256,53.50274798383684
1257,65.86619811676003
1258,69.84326511638885
1259,68.41919556540931
1260,69.24014434654958
1261,33.03603007429648
1262,31.423475997723976
1263,78.24287995058143
1264,30.039695332380113
1265,61.66859644135429
1266,33.2819578967581
1267,63.50337319451631
1268,26.859690590528785
1269,72.93779441894378
1270,52.22922961052687
1271,36.676998757025245
1272,38.39202598105217
1273,39.058456041606625
1274,72.16526642433102
1275,61.985052104245774
1276,64.61039803418488
1277,29.71303136085466
1278,57.0957475438809
1279,27.774002337736224
1280,74.24680509016171
1281,58.02234978463151
1282,59.74663858944091
1283,35.8789943090972
1284,67.20358224441046
1285,68.0990642267275
1286,49.58962933306308
1287,41.19700216704734
1288,48.59930312869382
1289,63.33392876569476
1290,31.28894159428811
1291,71.76478773507786
1292,53.432385666549514
1293,34.00498575433934
1294,47.85411999252196
1295,63.584256467976736
1296,30.910350068089816
1297,31.937303942457294
1298,38.45710326097855
1299,51.95479117776198
1300,55.537877794462446
1301,69.65593187209433
1302,64.57370568337917
1303,62.23675153725651
1304,66.00568750686271
1305,51.74458332772479
1306,63.61258406519598
1307,29.506505741853164
1308,53.51315250733889
1309,34.265887406803806
1310,54.3307504824522
1311,63.23788201157261
1312,68.38031860118961
1313,33.510205809207704
1314,29.68325899965406
1315,29.906702403641386
1316,28.10017442328392
1317,59.287367225171536
1318,30.475646069114095
1319,36.62099156528082
1320,42.439286073814216
1321,33.97281381352298
1322,73.99013653464668
1323,74.58129292166332
1324,35.85285323766696
1325,61.529365392010696
1326,43.10278579333761
1327,28.257173073573565
1328,76.44457797979346
1329,38.32141607836346
1330,69.62658174579465
1331,55.44378976518486
1332,23.6438648440544
1333,46.23570980713763
1334,73.80579959762422
1335,72.38055925491201
1336,68.39955058128791
1337,29.232014085507362
1338,52.907519812051916
1339,58.833611314447126
1340,29.03660630911185
1341,33.56253761223373
1342,30.742724833783466
1343,27.465264158557005
1344,26.92167409796973
1345,33.09533174396424
1346,57.400612248185865
1347,28.852020604807127
1348,64.63837986170346
1349,67.08101778153843
1350,35.348694890142866
1351,59.933973736641946
1352,30.860268420876675
1353,72.7052041744688
1354,72.65726357070709
1355,48.33681008699082
1356,62.80379499644341
1357,31.988109966395164
1358,29.15999210881976
1359,37.83983378268935
1360,52.51354991627192
1361,66.40514891134592
1362,37.3897939566175
1363,33.443006797494995
1364,29.13007095164307
1365,35.03957554068408
1366,47.15129086971949
1367,35.38076749365828
1368,59.575337679009564
1369,50.44198719215476
1370,36.79164301242663
1371,30.411101428158485
1372,33.57891702326492
1373,75.92741445842502
1374,30.863738595437642
1375,28.24425288569245
1376,76.84916617372139
1377,33.67836183317733
1378,63.35337069460259
1379,28.326274849065047
1380,33.74603082164641
1381,34.05925117186766
1382,33.04001949635283
1383,30.88960753922691
1384,65.41233690051479
1385,73.51589743070991
1386,68.82769060125817
1387,38.5975111960827
1388,28.834193026025545
1389,37.34850507146035
1390,75.20960828245408
1391,35.65322911322813
1392,70.19747196752272
1393,57.24233922892959
1394,38.5183487176191
1395,61.227292596530845
1396,35.36116842004419
1397,30.471375147527315
1398,56.25437268072039
1399,46.404472864641065
1400,26.09455671371634
1401,49.78257720174074
1402,30.416742191628586
1403,27.13268893500722
1404,48.29209652289311
1405,74.52009465058445
1406,33.90583021957523
1407,34.69124293067438
1408,41.3467842661606
1409,55.95967539655654
1410,31.045254985646086
1411,35.594849638762184
1412,69.19251957411691
1413,45.85694201432429
1414,59.77320031973987
1415,75.5731558945717
1416,69.39668001291153
1417,30.85231967170051
1418,61.96492902367771
1419,73.60071037659178
1420,63.84951990867163
1421,72.63014855327606
1422,71.82325835045644
1423,41.60171594814574
1424,47.508136542960806
1425,31.985930647708443
1426,34.66953506532508
1427,62.94970639217304
1428,62.751782870058506
1429,36.916789878244344
1430,77.47248865049826
1431,29.618140423579735
1432,26.764450273024348
1433,68.16777665903946
1434,60.38316172976407
1435,58.983498227059506
1436,33.076297765810054
1437,28.098745988649892
1438,76.93552075619698
1439,71.92418743123574
1440,70.54195150720116
1441,31.57894356342296
1442,43.40505143099244
1443,26.98805897450447
1444,37.448804918530804
1445,32.83652860198584
1446,30.907212816848155
1447,78.24087935864394
1448,66.16382736505437
1449,48.60806249283784
1450,56.94142585688901
1451,37.22472207380891
1452,33.77028353608175
1453,73.46620394519083
1454,43.308910091470594
1455,65.9575869870923
1456,66.47456725421313
1457,76.60744644400239
1458,40.85449595606392
1459,64.99561010160417
1460,34.902907616366875
1461,61.7518124565003
1462,65.90288039863914
1463,30.53123412757216
1464,47.73867923250653
1465,56.638931218807
1466,39.19505728131617
1467,32.55404457138891
1468,41.35468770993837
1469,34.57003547169339
1470,42.49517826607842
1471,37.647805371437514
1472,28.65084282964227
1473,68.78360113281644
1474,35.72013230799577
1475,50.98414897899556
1476,58.0072876712914
1477,42.707831066350764
1478,68.81640120580566
1479,48.94351099080884
1480,38.22630133444967
1481,44.764796402393344
1482,26.917011023835524
1483,47.86510837697968
1484,35.58759364414827
1485,51.15494337679682
1486,64.0985840624587
1487,29.979194387604867
1488,29.5335786005076
1489,31.509537767662525
1490,28.742069464225576
1491,37.50665960958831
1492,46.781623730923904
1493,72.71490963539682
1494,56.16045415339769
1495,59.34612465601218
1496,66.13472835962197
1497,27.68613768495513
1498,60.185542771887704
1499,61.29796833701744
1500,71.6936674335563
1501,53.92408146572116
1502,63.94487488714891
1503,38.890668952423916
1504,67.29626600211354
1505,29.248145049033983
1506,73.20124099811619
1507,33.55845755536102
1508,38.28397956264263
1509,39.14462374619599
1510,49.65524768695409
1511,70.46336278377076
1512,65.93512552242544
1513,32.942968791951294
1514,33.92444225669972
1515,66.4121206309939
1516,73.52156562017946
1517,33.20669216172204
1518,76.6373409370332
1519,33.99838888969168
1520,38.69316853239687
1521,49.99711890151783
1522,62.35922970917195
1523,35.214905048531385
1524,31.736375656745615
1525,29.367715302407145
1526,43.24694848237459
1527,28.31843906246839
1528,28.003828677064458
1529,27.898484012533157
1530,73.28286169528046
1531,63.8380671184153
1532,64.06050530037092
1533,39.76221550512044
1534,66.91670736071056
1535,50.20759798286307
1536,54.69792488230727
1537,38.43764644504892
1538,29.6008074093431
1539,52.065506837123365
1540,71.2819670996746
1541,50.2922889300189
1542,78.02666888257478
1543,71.0861864267882
1544,55.07477104384981
1545,48.53300395712249
1546,43.00374271658773
1547,71.69841736666618
1548,66.7384946005314
1549,38.958148596318836
1550,28.49934912223019
1551,25.86104153995455
1552,57.27247923881349
1553,61.443802820401885
1554,64.56214562737313
1555,32.53356101382163
1556,33.729260784372514
1557,30.29263553106139
1558,70.72818360728243
1559,61.0941403360388
1560,64.78499271689654
1561,42.86411777371106
1562,72.03057450429897
1563,38.389970450725556
1564,64.45908997773115
1565,27.84851517170043
1566,30.55935117727353
1567,64.94713349122829
1568,39.07125991455604
1569,31.11681984020161
1570,30.593418817838756
1571,33.79887805842373
1572,50.4567108369241
1573,35.34207623295728
1574,70.72126824304272
1575,69.68138744657648
1576,65.7492406954741
1577,30.71993880575996
1578,66.17534731223591
1579,52.803794691225576
1580,72.03945617293255
1581,33.3383765774812
1582,59.317374377825175
1583,55.6120673903223
1584,45.813940839747715
1585,77.1395638930409
1586,33.3961227665302
1587,30.885207665437093
1588,33.33374923068499
1589,40.47072556050665
1590,66.85101742793725
1591,40.937239723202126
1592,26.51621879971812
1593,72.06511468701086
1594,67.90688093610738
1595,50.048258648563944
1596,35.638316567917606
1597,58.99898496942047
1598,57.36761564580357
1599,29.24762742914855
1600,29.99014420716613
1601,73.51387888142688
1602,24.93006936336515
1603,60.88420319691062
1604,45.40159621384907
1605,35.440651718699065
1606,58.74648978210664
1607,70.68301817436367
1608,56.22620649395097
1609,38.36413489170089
1610,62.34170528733843
1611,36.53965308199675
1612,37.6068608124812
1613,28.865848334755622
1614,40.747201335767905
1615,75.19151290502658
1616,35.4693591432746
1617,61.25512158470144
1618,60.32998276962365
1619,35.20492520213317
1620,29.249933559052828
1621,54.995354938358574
1622,64.07594286248266
1623,62.143835931575076
1624,69.39864984073459
1625,74.11439156103135
1626,37.55012676098926
1627,47.41342740350195
1628,28.641860250344468
1629,25.584866986126926
1630,40.07659479626531
1631,65.48339911031184
1632,74.05188334334878
1633,35.14936108602516
1634,50.96860220753733
1635,38.034247098664046
1636,34.8309807980699
1637,48.305554300328104
1638,39.419768206038164
1639,33.39099460110006
1640,53.27900203363048
1641,42.438833294963416
1642,47.556102260670706
1643,60.35137270440789
1644,40.53728572864805
1645,61.01438311388875
1646,64.32351181935167
1647,77.04102079561343
1648,26.17284122408343
1649,66.71910477921179
1650,30.951175164976437
1651,38.16063358865657
1652,49.55976721388849
1653,72.44068265713808
1654,33.81661518714496
1655,61.747069598223774
1656,46.8171578028995
1657,64.88836053467955
1658,72.44812484645585
1659,57.919729258772726
1660,57.51308160319986
1661,32.638726092097045
1662,67.89956781154073
1663,31.932259699656985
1664,77.40293835446383
1665,31.683450255307427
1666,56.18651032481332
1667,54.00034432000589
1668,64.76891243128846
1669,33.88119636483181
1670,39.8309580863335
1671,53.57472514920268
1672,72.9564117118671
1673,37.048474951968174
1674,52.45965143612935
1675,73.29958306556551
1676,72.81222860345503
1677,62.60585537651687
1678,58.31445882294728
1679,31.701091248870426
1680,33.50348506020738
1681,68.64058283293292
1682,61.2547796546592
1683,68.69622427152188
1684,66.89491368445448
1685,34.17234161384266
1686,57.628149323998905
1687,29.71597639530542
1688,73.60356559457652
1689,58.9031723699032
1690,53.84909082250024
1691,68.53677622796751
1692,48.83151839646356
1693,42.5521231358764
1694,69.09469818097779
1695,34.160146777880016
1696,51.513097632891665
1697,31.413718861843034
1698,75.05096220498184
1699,62.49007415494371
1700,31.68839621510566
1701,62.132991163608466
1702,24.66205783799811
1703,32.369100145585826
1704,28.864629387699576
1705,36.9213876298493
1706,71.96118407964663
1707,69.0708447491661
1708,28.410750488712974
1709,69.65078050441448
1710,64.77620675011781
1711,73.29340017784733
1712,38.34358127073719
1713,31.047410319165024
1714,59.91016058293352
1715,39.404030721007096
1716,55.43458708211642
1717,33.91839706524277
1718,62.33335634593496
1719,32.34231777389488
1720,53.072243440674605
1721,27.461778586984593
1722,31.854938412986204
1723,38.200798235374535
1724,36.702611595068674
1725,78.40994844726146
1726,72.48422321052284
1727,37.94176113974623
1728,60.90238144526654
1729,74.47333995408873
1730,53.10253393697222
1731,29.6157535838442
1732,36.43057115236809
1733,69.44251509105186
1734,38.11955990133566
1735,39.19181968094182
1736,30.87355824962071
1737,59.28182928294111
1738,27.899513866020225
1739,53.44617025872373
1740,38.594933998633294
1741,39.65581654462163
1742,31.370476045392234
1743,31.627184229522047
1744,83.42910599881843
1745,63.87657919248688
1746,51.18761876040257
1747,67.79367618794038
1748,78.58028029527033
1749,28.081957337745965
1750,54.588905219370126
1751,35.93079063910634
1752,35.35955510700433
1753,62.707649925799764
1754,71.36131110908684
1755,69.02281535926585
1756,49.76225843491811
1757,27.48551212395711
1758,30.080744000879154
1759,75.02163019921787
1760,33.87123152664939
1761,30.40303097812212
1762,57.707493306897234
1763,63.5043695860212
1764,50.71950498165532
1765,31.898021730275524
1766,66.32678382098538
1767,31.39345391023526
1768,71.11293261364015
1769,67.985857245442
1770,67.34060593433432
1771,35.46404926705665
1772,75.69048361238754
1773,34.5523086461643
1774,25.34891702229618
1775,34.347109281483526
1776,28.800679688760358
1777,29.796994090478545
1778,32.424000596119285
1779,52.72742215890099
1780,35.857213912070605
1781,34.64051859011024
1782,67.54576834219279
1783,29.21789739150145
1784,68.22595237515769
1785,59.92774055230452
1786,34.111239503289596
1787,56.541538245974515
1788,69.42462630207885
1789,33.25928756544177
1790,39.94640641527663
1791,51.874818935131124
1792,37.166871025526326
1793,33.21891324107553
1794,60.97514304871466
1795,60.54918842392391
1796,68.83165550559451
1797,33.026459010406825
1798,65.76542989044529
1799,30.447062813438166
1800,27.90216481910376
1801,48.234035801939505
1802,58.032095963493866
1803,36.61365355275149
1804,31.207533862453584
1805,64.9010770675886
1806,28.734772234015892
1807,29.71086527422107
1808,50.523715695658886
1809,78.54681530863556
1810,57.55605685285208
1811,27.233579689252434
1812,59.22313854034951
1813,58.478362763605716
1814,41.2881793764129
1815,26.31209244178744
1816,61.16439403864341
1817,40.96056611161089
1818,31.733131245729883
1819,31.761194517670152
1820,67.29611168427712
1821,63.64566003507127
1822,69.56547219646995
1823,39.43507305957789
1824,29.285787888228338
1825,31.406020449128857
1826,31.59086035713723
1827,27.34362760288703
1828,37.92553424520804
1829,63.68309881804021
1830,29.66276647203033
1831,33.296777640836325
1832,41.900702856360624
1833,37.180944519743974
1834,69.56143825321749
1835,34.74155183089439
1836,36.80740453019255
1837,74.74682153619733
1838,61.78136378310749
1839,53.60732392077009
1840,29.61312816528214
1841,29.506686388662892
1842,39.436733013579115
1843,36.15645110550902
1844,51.835684439098074
1845,62.08477454353773
1846,30.543464477734386
1847,62.286136126003434
1848,63.903570438542154
1849,60.042027615952264
1850,35.62096112103325
1851,71.44157064520475
1852,79.55891839097596
1853,32.98009083435277
1854,60.41042192107071
1855,36.04846267307592
1856,75.08914262335293
1857,33.98404936865225
1858,51.79292349739875
1859,61.352704146751876
1860,30.970547746071038
1861,67.96853155977553
1862,57.68242329600315
1863,45.87921135437055
1864,59.21864336180985
1865,63.83275363276839
1866,70.48228823476173
1867,65.22073659163536
1868,63.64551091860248
1869,30.85128129179677
1870,71.67499209377354
1871,29.156187288223204
1872,49.44814073696996
1873,75.55687545123048
1874,32.49044842938766
1875,34.03052103772433
1876,52.146448560796756
1877,37.05554696198134
1878,37.22545314271543
1879,55.75783596074438
1880,73.02000942885472
1881,49.65303811290133
1882,28.80532805451613
1883,32.25859188644564
1884,58.513828741565625
1885,58.45978551677566
1886,45.6205317063183
1887,29.25971751870947
1888,32.40812361218313
1889,35.90567218742979
1890,65.43672207443142
1891,66.33077862921442
1892,71.5883650382097
1893,31.736273970308147
1894,61.76643616832057
1895,29.508288480550274
1896,70.88797884363959
1897,34.348791716819576
1898,29.378576132339315
1899,31.10271314928342
1900,35.3282235156
1901,35.03979581035507
1902,45.13178716406846
1903,73.5169656232846
1904,28.357971291237586
1905,36.64243891906201
1906,36.01155366609604
1907,44.65969891217332
1908,42.85418843030287
1909,32.52997120200557
1910,64.36957323289433
1911,60.023594701868625
1912,54.63716240313927
1913,63.40036010165129
1914,30.12895222434228
1915,74.23307311364148
1916,64.31281027747845
1917,44.78082676756893
1918,35.540051327660166
1919,31.895011877374532
1920,61.73560500424264
1921,78.3927811347782
1922,64.32022796043965
1923,28.41158790687526
1924,55.96752334130394
1925,57.01065321855036
1926,68.69400508128464
1927,28.59476697897031
1928,54.83336188340645
1929,36.21833222057077
1930,39.9285937968577
1931,45.797059364581415
1932,37.27708745480099
1933,28.88793276234819
1934,28.46204158197622
1935,32.292435603693136
1936,73.9151828863316
1937,29.174704523210767
1938,58.58884123983015
1939,59.14640688455333
1940,78.41345347207681
1941,75.96049626658328
1942,33.83791307992688
1943,27.278615354709768
1944,33.15431703692468
1945,28.735598879352747
1946,31.470119733011973
1947,43.586142100984524
1948,56.22770525161872
1949,69.07382127590155
1950,30.48005099305959
1951,42.80974613249771
1952,22.86630182077371
1953,42.25640972225576
1954,70.0502861699693
1955,33.21588711020596
1956,50.14172143466869
1957,87.75933627125693
1958,27.723133288485943
1959,34.497857333966955
1960,32.790273330810756
1961,32.25352121436411
1962,64.6340665864617
1963,69.02013340950641
1964,26.60859447429945
1965,66.9971943235583
1966,29.22146812176686
1967,34.43114281606986
1968,33.35532353528553
1969,26.66925862190485
1970,35.73970178334979
1971,43.034618029582816
1972,63.846607272788376
1973,32.87734706759432
1974,56.43854028874664
1975,63.88984026040857
1976,32.0078686311559
1977,28.107155683238826
1978,57.44748677705148
1979,66.87958092037948
1980,58.16015624126118
1981,20.153551123576566
1982,64.31901601175281
1983,25.926606780513048
1984,37.10725646006289
1985,31.28675289281787
1986,51.74271247487008
1987,29.234201199972514
1988,33.02310349255749
1989,52.319531024519435
1990,52.69682158188076
1991,51.642084508721794
1992,35.51012664610518
1993,45.69890093663178
1994,54.53542497559264
1995,53.86797949043651
1996,75.92975087059641
1997,66.6101884568153
1998,29.210422773987997
1999,54.45343560309211
2000,60.75418813985266
2001,36.24438967573726
2002,63.72167172659811
2003,65.63211645005778
2004,36.55932294109937
2005,57.24143163012158
2006,77.53074914698931
2007,41.0301292790514
2008,35.48675731084637
2009,57.92839279709029
2010,29.80856915585334
2011,35.05317568045102
2012,37.028552312125626
2013,70.40161548444232
2014,52.162419406409334
2015,61.35335147047171
2016,72.47164643741804
2017,31.816292455857987
2018,67.52881999057851
2019,37.623952705657594
2020,32.343333241472585
2021,73.61977291542564
2022,67.02035476962527
2023,37.331408764399086
2024,69.08769375130181
2025,69.03939017780907
2026,31.740941326480144
2027,28.164428790431618
2028,29.741860085597096
2029,27.13760282480339
2030,49.98119646500474
2031,40.41484094361701
2032,66.55410308832313
2033,53.53944537970696
2034,57.53568356890709
2035,52.343581625644696
2036,32.9304839235234
2037,60.4902936181058
2038,36.82422825692555
2039,68.24631261266
2040,63.55020538013911
2041,38.450369507105954
2042,68.56510695790091
2043,74.96419529838624
2044,28.058575184195664
2045,33.091539068658776
2046,78.4635354151608
2047,33.05906732037292
2048,38.31720210878519
2049,72.95570951019977
2050,36.46643196996071
2051,40.915270593480045
2052,35.61529055972406
2053,35.54760793991121
2054,73.74598952668737
2055,55.571546499201006
2056,69.1214514202587
2057,41.63962758259517
2058,30.09517419188418
2059,56.11366579105766
2060,59.79043042580801
2061,42.03460701965488
2062,74.45117795649685
2063,69.14905458783343
2064,63.817613344987855
2065,72.85499161887489
2066,61.627786813543764
2067,60.34808057854313
2068,29.74354724624173
2069,35.844744363150696
2070,77.31749623130526
2071,53.9753352420201
2072,65.71400421456566
2073,32.919893686620306
2074,67.73547037010647
2075,52.03950425577204
2076,35.25011796388651
2077,33.60343599159507
2078,72.30403765633952
2079,36.45068043839589
2080,73.04628865913783
2081,50.05574516740866
2082,29.902303630818686
2083,36.91662691189096
2084,61.211871702174165
2085,42.42722747011099
2086,73.08763832000983
2087,28.723917532107503
2088,55.95822752080761
2089,64.69799599328297
2090,60.613122306274924
2091,33.181395501807295
2092,55.86905821948844
2093,27.945170388035677
2094,27.492033464418572
2095,25.430108260071627
2096,77.81193210559977
2097,33.11390550593289
2098,30.415977924495188
2099,32.66240874683783
2100,30.021460798125627
2101,56.693709249165636
2102,33.34504356073898
2103,37.968561726907346
2104,71.23595404585957
2105,38.12138468246775
2106,64.84762394264371
2107,34.81266297509826
2108,46.84514133680899
2109,66.32266820570142
2110,37.34998658354594
2111,29.28209266367042
2112,33.59790198006127
2113,70.83463147705744
2114,60.754856818979704
2115,28.042486742783233
2116,55.694811428190775
2117,59.96714494421821
2118,70.34260950354714
2119,36.794727156328804
2120,42.54593963077576
2121,33.40826153434049
2122,29.285236930312987
2123,35.29507525013344
2124,58.10337015618114
2125,35.61726186631745
2126,30.893062916750402
2127,62.883937211365925
2128,36.819280069940135
2129,69.57581679671863
2130,45.770824520403295
2131,49.2497364916885
2132,32.92164813431873
2133,68.78196678848957
2134,26.6919568539262
2135,31.36379553603388
2136,52.26783714792816
2137,58.259024308012684
2138,70.75259619788451
2139,77.19634738863918
2140,31.332012938724507
2141,33.54492670495884
2142,29.370139768416383
2143,45.41792405545733
2144,61.450315744165664
2145,36.542312925512974
2146,72.51304865282586
2147,33.681530590873145
2148,60.98137339792363
2149,64.96672809175585
2150,48.351965783484474
2151,59.51565623491068
2152,47.08459369776054
2153,76.96209884885613
2154,79.74763348837978
2155,54.4821295305632
2156,57.8764632424143
2157,57.66167097539668
2158,73.94759199456047
2159,74.92578147980183
2160,34.48604574704485
2161,33.82199782062577
2162,35.60360532196121
2163,73.55145568946557
2164,47.277818334726845
2165,47.274802956778515
2166,33.77828470721412
2167,35.91240139789582
2168,38.04486587437167
2169,34.67868130791724
2170,27.928098055870176
2171,68.53309957269609
2172,53.93881799886775
2173,32.4935349432537
2174,52.71383517277311
2175,58.52823632914297
2176,73.68517639172879
2177,56.97347526252563
2178,59.044217031774664
2179,28.783001957630255
2180,27.429139823427757
2181,55.12359357513439
2182,40.1165691563214
2183,37.546525778154084
2184,67.61143083005565
2185,38.243841677825294
2186,34.02430440321958
2187,59.94819542280559
2188,44.98124510401774
2189,26.48563160419089
2190,68.74965346029394
2191,70.84976560020009
2192,31.160684215959872
2193,66.0703095442589
2194,53.877260190162445
2195,53.618995820903066
2196,62.58388698442112
2197,38.974114038094626
2198,28.81841799901657
2199,65.02000174042435
2200,28.47705383723652
2201,30.471513831318024
2202,71.46512066613329
2203,68.86171778456942
2204,25.998987656134904
2205,39.240805571869956
2206,30.972605330889127
2207,27.45301320633124
2208,76.43435068198049
2209,35.14786055913824
2210,65.757492786805
2211,67.56251264891549
2212,34.70319503785112
2213,33.42642233732915
2214,39.5439490973769
2215,41.63425199791538
2216,31.168843876970936
2217,62.98865380975327
2218,67.30528670768815
2219,27.968148381817123
2220,75.02907467170523
2221,36.54316239219194
2222,28.90603861659631
2223,27.011753092547867
2224,74.10260497214817
2225,36.82200494717318
2226,28.750763077098984
2227,43.8611103594901
2228,32.58816437027269
2229,24.90495916250779
2230,74.40333461928569
2231,68.37424586607811
2232,65.84873711987389
2233,29.306660816294766
2234,52.70127738044873
2235,52.61684288284143
2236,62.996002755656654
2237,54.31588429106357
2238,42.43750665261199
2239,38.96865867420291
2240,53.15947014980439
2241,61.8994567473218
2242,31.164847268126845
2243,59.13815906703055
2244,73.55425392197097
2245,63.31790437822835
2246,43.5459978118661
2247,52.24047484610375
2248,26.988178577960664
2249,70.19330645291292
2250,27.94541550588607
2251,29.069674686570867
2252,32.72230673535787
2253,30.9590133308194
2254,69.30372163241252
2255,64.90353414357439
2256,34.509710305414714
2257,30.90921944717579
2258,36.619726339673065
2259,45.9839132965819
2260,52.29861991807701
2261,46.64830856491892
2262,63.56874833568897
2263,52.01742614259837
2264,31.43684960413881
2265,63.65863121269082
2266,57.955462008344284
2267,28.077673132856283
2268,28.21232815029744
2269,36.57506737108284
2270,33.52976221916286
2271,64.70279179093542
2272,40.621543697521815
2273,28.4364951958777
2274,31.70677376545201
2275,48.095728200950745
2276,40.064219072067814
2277,34.46310599276889
2278,41.67737843096165
2279,60.53714784080316
2280,62.691724312289935
2281,40.95406200162498
2282,47.390854645936756
2283,34.899607211129386
2284,29.69118611872424
2285,37.13959517301195
2286,50.5886721277
2287,29.654917812685927
2288,71.82669654882237
2289,67.36728766310952
2290,23.857494231887298
2291,69.27198323175556
2292,37.10734462711595
2293,45.759164472809005
2294,64.31673292205528
2295,39.24561273994286
2296,31.277843910254564
2297,27.412012910164552
2298,35.989923476848524
2299,34.6648963859923
2300,68.81410532426202
2301,71.18317083194694
2302,74.82358593842928
2303,49.924648553109
2304,32.79469575189669
2305,55.40841304445282
2306,36.09479450462149
2307,25.952319249794247
2308,29.461013816550324
2309,22.554070418809914
2310,29.187773488755102
2311,62.2319269741125
2312,46.63366609516905
2313,32.50785731876708
2314,53.20590832111344
2315,70.45998371936409
2316,51.73553093956214
2317,31.75427093427742
2318,69.56225263529666
2319,66.16974230737078
2320,49.707726710447
2321,33.49680035131547
2322,38.906523466111366
2323,68.55964080399642
2324,48.548184695707874
2325,40.061319813037606
2326,29.207423163507098
2327,29.593592413998604
2328,74.00673682307803
2329,69.21235057040698
2330,62.27015748268709
2331,39.26993152133733
2332,36.74395213402889
2333,77.166013034184
2334,39.647590546135085
2335,27.6618093570735
2336,41.29253534793801
2337,31.5815813434123
2338,27.514806460222516
2339,70.39108749985057
2340,33.48204113862948
2341,43.16066363243287
2342,71.44222244067001
2343,44.361785885800195
2344,59.158985451447734
2345,43.344339743121054
2346,45.967874305772135
2347,28.68770428658565
2348,28.3697375413
2349,66.96821938475011
2350,34.7764510347129
2351,72.27066455478257
2352,34.389957753781616
2353,27.592611899038157
2354,33.33064970386599
2355,71.22835006622702
2356,58.20303146985128
2357,33.00837859429514
2358,64.66965904911736
2359,28.577245307753344
2360,28.83664445688758
2361,30.50242672619986
2362,69.60417555743373
2363,27.817644115852485
2364,32.59438597159043
2365,23.980931010840848
2366,72.2482546615605
2367,45.85045591330436
2368,77.20057882994244
2369,34.105695951254816
2370,69.72776244099548
2371,40.973498767783546
2372,31.187786716530734
2373,72.50916688663322
2374,74.71227013112326
2375,41.37840976585688
2376,26.669185338839693
2377,33.09328411784843
2378,46.973412481330335
2379,74.97307204268807
2380,75.46804848222385
2381,29.097623770486297
2382,33.83227082789598
2383,47.891512698758426
2384,40.00072338716879
2385,71.76622507215289
2386,75.73228909750378
2387,33.21626807718641
2388,40.15359846905283
2389,36.67712325019539
2390,36.56916651510456
2391,63.40954463965688
2392,71.11610661613199
2393,56.01137393383314
2394,63.237734538657335
2395,59.54421156423942
2396,54.23451491821612
2397,30.995576833968947
2398,32.34604469021904
2399,54.1103746301912
2400,27.6309778476308
2401,32.72395781133711
2402,62.98425432036747
2403,64.56350298601762
2404,60.66370468253126
2405,59.43657243881992
2406,31.785517458689835
2407,68.24213661977883
2408,62.5036777447061
2409,36.353080718082815
2410,68.76163488483076
2411,68.64513450715015
2412,28.534361708906104
2413,29.071077962610428
2414,53.69642319545764
2415,32.59486494596892
2416,51.2856642671669
2417,27.556000857307108
2418,68.98944764615536
2419,58.284810600888086
2420,55.52757630181713
2421,74.06563632143056
2422,36.29259751483582
2423,64.92752450587739
2424,65.00906099956424
2425,64.0506343854352
2426,52.17300116089424
2427,48.526733406392175
2428,52.32981462206029
2429,47.573533288317684
2430,40.281224804402825
2431,93.17290069292068
2432,81.57465714349438
2433,32.1644007748164
2434,31.62025108110939
2435,43.715589488369424
2436,60.310326042315225
2437,23.94374674347817
2438,68.74504144982066
2439,64.04316322029761
2440,26.20521334403963
2441,55.75658225654211
2442,37.46043014728022
2443,40.017931052383226
2444,39.687855504206496
2445,31.778578537293015
2446,70.66673185609426
2447,70.32636475097236
2448,53.854326252924025
2449,68.84898436496646
2450,30.292992033189687
2451,30.41786900466339
2452,72.93872645129409
2453,24.50689700345525
2454,53.7539267395547
2455,29.076981142071453
2456,54.05305212750232
2457,37.62846842630293
2458,62.23285084493152
2459,54.5031658690506
2460,41.07509827664922
2461,73.59410283377953
2462,43.04213874525845
2463,55.438134379059846
2464,39.196056951847815
2465,33.87547348328347
2466,69.7386053788298
2467,30.861942656884846
2468,58.676673522386416
2469,74.6552781698193
2470,76.79757634033254
2471,64.10176941879688
2472,27.685895388186278
2473,29.824472266661797
2474,29.25148704916597
2475,65.45423248963755
2476,29.711409630170902
2477,66.40443466003973
2478,72.84574189247641
2479,31.556528578303197
2480,24.55303374428114
2481,74.17127208774309
2482,29.411094256013904
2483,29.543317229882067
2484,34.11870182986845
2485,30.0363358764361
2486,74.56102686454618
2487,49.173280220965886
2488,74.29248630785987
2489,30.82290752798763
2490,31.272573345936003
2491,44.560531319809016
2492,41.863593117995315
2493,66.0137209532962
2494,59.904911148901405
2495,60.86298251890116
2496,47.96457232598195
2497,76.04117951877747
2498,53.895622595458214
2499,29.67537380242474
2500,52.753594433055845
2501,37.4667038329773
2502,32.24925311484829
2503,43.01013095918378
2504,69.12444011334334
2505,73.24971887509732
2506,69.26721360319671
2507,31.257446469608436
2508,51.38812713251892
2509,61.011236745064565
2510,65.15036625350676
2511,25.418294827974126
2512,52.84081196551122
2513,31.252351058522578
2514,33.48928671051291
2515,28.64891605501384
2516,71.70331303190589
2517,56.569706851428336
2518,69.9983798707928
2519,53.43982411114559
2520,39.400347028384104
2521,29.94576610880914
2522,33.73626167328863
2523,29.623496119765097
2524,70.26823905231058
2525,32.555910962871046
2526,28.51066943563982
2527,28.902465043555168
2528,66.42599682708281
2529,38.83199921747031
2530,57.71138897436872
2531,61.33136704746908
2532,36.934029214754915
2533,71.64770694107197
2534,30.668112889470223
2535,35.23173853853403
2536,30.446538798283033
2537,30.23915855058623
2538,31.94396471511237
2539,29.16951251605637
2540,28.807810909610424
2541,38.572567753606805
2542,27.300989139712218
2543,26.957677590484824
2544,29.113091166056048
2545,67.0625938600712
2546,32.14262680119098
2547,72.21686219590798
2548,59.04650786980533
2549,31.416821979287693
2550,53.72196803334196
2551,38.067155016631936
2552,38.48901949699763
2553,24.67252385340822
2554,34.73404892016951
2555,85.7009551378662
2556,55.517774276010535
2557,73.29471170294724
2558,69.37633034018675
2559,58.932411214084894
2560,64.30295168644778
2561,37.33570663562106
2562,45.89755476927433
2563,72.04753469155176
2564,27.908943635112646
2565,53.366354205408776
2566,39.41821516902537
2567,29.34909283834976
2568,31.721588490945805
2569,32.529539619088766
2570,28.901541221962322
2571,50.51761523700262
2572,75.89592821597027
2573,59.997712138863555
2574,64.38131869857219
2575,61.75976850943097
2576,32.621273355016726
2577,71.54367490113611
2578,62.11309376924471
2579,28.069318906779426
2580,34.02611036448547
2581,32.52321324682541
2582,26.923417500930558
2583,62.36437879061474
2584,75.9039036805338
2585,46.89535618562189
2586,63.15412458824403
2587,74.52320755883312
2588,62.483072537696074
2589,56.693095130879286
2590,25.022484267139003
2591,65.26490088461036
2592,32.992716404762824
2593,69.57536512677044
2594,64.48840560598539
2595,73.32242716758476
2596,58.488330553646904
2597,61.62679895914934
2598,43.80585303918061
2599,32.062976622382905
2600,38.64253730824243
2601,31.159130666850476
2602,27.146483779418123
2603,69.70627637308868
2604,33.60591172971658
2605,31.610982062612532
2606,65.93531967423503
2607,74.61326118827327
2608,54.75085378454294
2609,63.70086071040141
2610,40.30466126489608
2611,61.56594482057123
2612,73.13422585968291
2613,36.05856346597704
2614,54.842819291211065
2615,27.10130312503861
2616,31.943073137227074
2617,15.374643103594657
2618,66.9968569148684
2619,56.23587177493161
2620,56.95253705196755
2621,69.15035913210221
2622,72.23773402426866
2623,66.15439208373863
2624,51.91018604735448
2625,33.10376896190933
2626,34.885496541683814
2627,34.36792374333932
2628,71.1204900890366
2629,34.681806925833385
2630,38.70314422034616
2631,28.014505676083044
2632,72.06327901941219
2633,32.104162252524446
2634,52.97763282686208
2635,64.43223256964367
2636,58.84283015159774
2637,60.1887496825272
2638,29.57261767772979
2639,31.048791645760158
2640,60.46248790027795
2641,28.60913722040631
2642,36.134873763033056
2643,38.84396790977745
2644,66.92094689936607
2645,31.151847758871583
2646,63.30574069888333
2647,37.371224604401625
2648,59.07087083543524
2649,34.6184968499747
2650,58.94635112569021
2651,33.870820506538564
2652,30.302212902671627
2653,27.321024099686678
2654,27.332281166643565
2655,65.29107686818419
2656,70.85986417524876
2657,74.71979876761444
2658,59.27633059412796
2659,34.74764465258759
2660,29.73804689436097
2661,25.647095579983134
2662,41.20469056507966
2663,72.86640303769497
2664,71.19799091854225
2665,56.0105501512769
2666,67.06219252112743
2667,47.791329661507326
2668,39.37295297590305
2669,38.03415291757802
2670,30.074679667586558
2671,49.12497022293326
2672,56.48525205946646
2673,29.510305875949765
2674,71.02031982204998
2675,42.95250780950879
2676,46.92081176713721
2677,69.51770365457128
2678,37.312738365118705
2679,66.479888098584
2680,33.785799901944536
2681,62.59033940598966
2682,32.76635957998302
2683,30.8000929800464
2684,63.51336149171943
2685,67.1369258210562
2686,38.8900701033639
2687,40.28620956768567
2688,27.217890250251216
2689,64.86013140421534
2690,61.78033641843319
2691,37.63123448136117
2692,39.20877039096674
2693,33.46168960066651
2694,56.253832705526186
2695,31.691875560680487
2696,73.0362440503751
2697,50.42343138676089
2698,64.7756511025569
2699,53.89945324151753
2700,35.26818579260295
2701,31.017828412850196
2702,45.27326423170293
2703,54.84965251878329
2704,77.40103784157857
2705,88.9779362170384
2706,36.42057927273021
2707,61.80784947709841
2708,30.85756093071531
2709,31.38590874242578
2710,46.659883605925735
2711,32.20722634135418
2712,43.06127121582571
2713,57.14329128339107
2714,65.97447698499498
2715,64.06659622899696
2716,67.0344108495143
2717,26.98912794191151
2718,56.60612585199785
2719,26.454265197569104
2720,30.965408124065437
2721,30.538488059586523
2722,74.53320678615823
2723,27.828236413194293
2724,68.78252421010815
2725,34.19793284985234
2726,73.24530783791722
2727,24.473666858363654
2728,50.36101028439311
2729,46.42443506548085
2730,31.656810231440662
2731,33.975913450127834
2732,44.423816273389406
2733,40.082893707832234
2734,29.991282636012127
2735,72.48342444810697
2736,70.88656723310291
2737,40.76309273802871
2738,25.158119280874256
2739,68.98498124116557
2740,62.50438009564504
2741,26.633339103188444
2742,41.868257448354846
2743,37.1899152518481
2744,54.68379311480655
2745,41.388848970152424
2746,46.73097763970703
2747,68.86302923965088
2748,57.16819864187914
2749,31.94298444145494
2750,39.14795631355869
2751,73.05821027203935
2752,58.0218670164882
2753,52.44408005419546
2754,50.832673370597256
2755,57.30662918407492
2756,28.630560011516945
2757,62.61786428062058
2758,64.29579771454178
2759,36.31129050903216
2760,33.34962274236643
2761,39.27723536471028
2762,42.251997973406006
2763,27.718979342027556
2764,62.76843289056274
2765,65.20253562258227
2766,72.8460026152888
2767,83.45872766304834
2768,63.04669782060391
2769,35.98072004836112
2770,27.536210340223104
2771,32.78005569157583
2772,59.68031655214465
2773,63.90725247655854
2774,35.60574673341853
2775,41.485328770302736
2776,69.07681636450735
2777,32.650215703587605
2778,51.03515360647826
2779,61.865887562107524
2780,32.38345587237186
2781,71.11253816087662
2782,51.95249318166727
2783,75.96066672772828
2784,65.97305924758464
2785,36.440501655696345
2786,68.21758726751094
2787,54.926242782529705
2788,30.425944797832173
2789,76.62497365311162
2790,65.11789729957583
2791,35.96956957651762
2792,37.587104844152535
2793,52.96335454431756
2794,63.20844959439501
2795,33.64030275663373
2796,55.55443661236476
2797,32.00445124683182
2798,27.679601997973055
2799,72.84467684615964
2800,52.888267752698084
2801,65.25551688154053
2802,55.23739622798793
2803,67.4647041226286
2804,40.04099335739913
2805,30.47523285521655
2806,81.5809127540665
2807,35.38970756197648
2808,41.748538655672796
2809,63.62279636408905
2810,37.26824716373372
2811,72.42983959152086
2812,47.3241613775442
2813,79.222754734643
2814,43.510696260756134
2815,29.68565925370049
2816,55.41890159876091
2817,38.6038902007688
2818,30.769787652820504
2819,23.980534879675663
2820,63.58613625556545
2821,62.27551131004584
2822,28.679871091030225
2823,47.132093451116845
2824,31.012947111693588
2825,29.441055463198165
2826,73.22437607391166
2827,55.789599796259694
2828,37.00402809361485
2829,62.00534187305
2830,31.132581588644822
2831,62.936049827777175
2832,68.48950352823086
2833,37.80021672231189
2834,75.91841785253898
2835,49.07728409862114
2836,29.529994678613498
2837,73.52627053314957
2838,45.220650717065844
2839,73.10281683742166
2840,61.5066031685766
2841,28.035320770323597
2842,64.0217030540039
2843,66.24227345094214
2844,34.415100856100224
2845,51.276132972811745
2846,49.70329573943112
2847,68.65964384446514
2848,52.66079713751992
2849,64.62609716811755
2850,37.821600669526774
2851,73.76983088803881
2852,57.60061182629576
2853,40.80891722604068
2854,32.23669847669282
2855,39.085805240386165
2856,62.37892770630289
2857,63.074365606645486
2858,59.37761564620107
2859,52.06322335867945
2860,29.89773150562333
2861,49.83168566289766
2862,29.034416085977426
2863,63.295332306946236
2864,32.85902016105668
2865,27.292164687177124
2866,68.4275375309457
2867,27.845889606222773
2868,51.450984684452266
2869,36.38498851632552
2870,27.53469416910417
2871,31.18649815169903
2872,77.18783063470346
2873,21.618796261622375
2874,74.1832414134108
2875,34.60454109398816
2876,34.717834556815
2877,34.68356345950768
2878,57.69805608510845
2879,65.91098921426965
2880,40.72002010045678
2881,60.613660193042904
2882,76.32880992680559
2883,41.37266677384066
2884,74.11947187522304
2885,54.036876605534886
2886,29.81628035147205
2887,33.17051564462054
2888,60.65531693531166
2889,31.189817094604038
2890,35.96773566936856
2891,60.56309180846585
2892,35.09782802435592
2893,79.6636188258403
2894,32.28866084844378
2895,52.380573888390295
2896,31.223751586292796
2897,31.602942435545756
2898,62.39739027326807
2899,44.12954878412601
2900,37.23315369902549
2901,30.31378720410666
2902,30.889543091946802
2903,74.50411466808207
2904,27.94348598109416
2905,61.721672766661484
2906,49.29620471388256
2907,40.06995240627624
2908,64.99874976510701
2909,73.88913543490317
2910,42.40514264459223
2911,73.71782934007871
2912,62.46995235115716
2913,41.35097623543706
2914,43.50860141282143
2915,70.35392143313123
2916,34.707311734189595
2917,27.889112944057807
2918,30.54380428475856
2919,38.30583023977332
2920,30.172773895756464
2921,27.714592037998862
2922,23.214040961320134
2923,57.567387878749244
2924,30.74238084662932
2925,54.73458347039052
2926,27.000845559931413
2927,50.42005447815593
2928,37.28088876105471
2929,33.87832581572415
2930,46.08732189876316
2931,36.26704729437445
2932,29.041841706698374
2933,42.21122583798339
2934,35.158076224499275
2935,41.70483171544977
2936,80.08210465506009
2937,25.75648486189718
2938,68.6674728835015
2939,35.21967078693692
2940,28.742794637897685
2941,32.612579251831825
2942,63.58600826600647
2943,30.944170077935713
2944,75.23642753660415
2945,68.12435830119792
2946,62.18579632699924
2947,31.650102011831216
2948,26.09941341893283
2949,57.22697236639147
2950,33.40635080002617
2951,37.51284163581566
2952,74.1549005443155
2953,28.45739326210272
2954,38.15218657126848
2955,32.99521641861887
2956,47.561896676772356
2957,66.16930467796084
2958,28.380287281767185
2959,27.259363442837714
2960,37.39001523149213
2961,47.96980256071791
2962,78.83211655929777
2963,33.97456883030685
2964,32.82753899831917
2965,71.70419320518239
2966,78.47441676641506
2967,30.742796262643953
2968,41.219988367556056
2969,31.1699904319879
2970,32.06872612129126
2971,30.87353982997453
2972,51.465377655802634
2973,30.016242908864275
2974,35.82551450777442
2975,33.85051828990258
2976,33.23218057159461
2977,34.18580774869415
2978,31.873419681952875
2979,32.351699633515224
2980,59.39758493377037
2981,71.1023947996531
2982,73.70157199103348
2983,69.25476182727748
2984,34.763978204282814
2985,34.17892745914292
2986,37.67129666129969
2987,29.944606791166397
2988,76.08752071165762
2989,68.21696509799332
2990,63.22151576665399
2991,28.123430974519987
2992,70.24775623992812
2993,33.6599177221988
2994,67.33060970689216
2995,29.700904305263652
2996,57.416456960284606
2997,33.339060799548086
2998,74.02334090849229
2999,30.034106653775492
3000,76.33673711712295
3001,77.70719639783472
3002,61.13071705533316
3003,27.33296117935787
3004,37.964039342129595
3005,31.616516754925097
3006,29.909278907247593
3007,76.03924042368249
3008,33.561468826815656
3009,30.531505878398054
3010,35.94532289116049
3011,71.84782933469256
3012,67.83570717588381
3013,65.40909804096725
3014,33.232396568861546
3015,72.06037202147171
3016,63.89054403892088
3017,62.61391215798867
3018,31.518203648947964
3019,37.734757647421446
3020,34.98472853215678
3021,31.477345875649483
3022,58.46366604480721
3023,50.49560962843905
3024,62.616706974771446
3025,60.17970585309456
3026,50.394234576127374
3027,29.69964671256174
3028,41.81375292920464
3029,42.10763055549272
3030,77.88895407002478
3031,28.604588737129777
3032,42.858133675088126
3033,30.807709341791128
3034,64.36126127685488
3035,66.94986845637663
3036,74.54096732017268
3037,33.15013860079529
3038,67.89165615821692
3039,27.732550341480895
3040,64.8701124213857
3041,70.01204961054765
3042,32.90807540029962
3043,32.587180670501404
3044,46.35782867927955
3045,62.16944698740865
3046,40.972291315266105
3047,54.914384674882086
3048,30.741197350505505
3049,28.191766418459903
3050,25.363930431146834
3051,31.28635427025367
3052,67.14654747744638
3053,41.00597967848375
3054,63.42660607859576
3055,76.47532387075566
3056,53.79979705451346
3057,32.43176380283672
3058,38.35067772741011
3059,80.54840359552907
3060,58.55529668670713
3061,68.40071460570417
3062,39.43464369423851
3063,32.56431147504426
3064,29.925166222292578
3065,80.61915521169846
3066,36.1010905248111
3067,61.9158706558326
3068,31.444246214750216
3069,28.91900996654343
3070,30.0841124072716
3071,32.07587849107315
3072,61.94752111351929
3073,30.46032096897409
3074,63.06843881430347
3075,27.510122812105017
3076,50.96466686924284
3077,36.85845482079117
3078,52.38232878784595
3079,61.436355092712105
3080,28.027862169858718
3081,31.223973924077676
3082,81.49707060042945
3083,66.03798152306256
3084,60.49621350686236
3085,31.758572714666542
3086,31.36406973835607
3087,27.843802844324497
3088,40.39813985974437
3089,38.487320337536104
3090,51.217576652332184
3091,65.46218507992725
3092,34.9878260215008
3093,71.46587994347215
3094,28.8964254798454
3095,64.38800352319348
3096,70.33272493136475
3097,32.5849776693758
3098,34.49021325064412
3099,49.465232346418134
3100,35.3297471162968
3101,63.62276486238731
3102,31.64581968543871
3103,62.16771103331284
3104,52.11530611281745
3105,32.824021934696646
3106,62.68383413141807
3107,54.028148124260774
3108,77.0510272173012
3109,71.31478240712745
3110,72.94355597912443
3111,72.39579785852808
3112,46.07023181701446
3113,33.12861254523759
3114,36.159893283226964
3115,25.677344184363704
3116,56.6143630173655
3117,33.884077456830376
3118,35.81287080535917
3119,63.32787092037196
3120,60.397923866686234
3121,55.36120610777449
3122,35.390879860456856
3123,31.385224259055096
3124,36.7914404984685
3125,58.47538583051445
3126,30.99367786203511
3127,37.43144309939888
3128,29.799201133202985
3129,32.609433872022436
3130,28.058249006526264
3131,50.58340024673186
3132,28.394458273804478
3133,69.47966986501679
3134,66.16092756210939
3135,60.726577742812715
3136,71.97669730095006
3137,27.503260934828717
3138,30.84563294370283
3139,35.78218531605624
3140,29.873738917402424
3141,61.31226820049724
3142,69.18067473193298
3143,50.5160585090889
3144,58.7723806627674
3145,29.139455694911696
3146,31.839855608927852
3147,44.0942193775599
3148,27.11711233868057
3149,50.03616763785316
3150,63.598056615174926
3151,34.87943800883331
3152,34.56369015995697
3153,35.13936972301546
3154,28.988199642854955
3155,60.53730501558999
3156,29.315327276233507
3157,26.639587267295465
3158,28.81674947015026
3159,38.48935015890859
3160,72.2879480763232
3161,34.47666527166459
3162,57.734539898923245
3163,56.36619650016076
3164,27.131077353043022
3165,50.96977031416093
3166,65.1778714461368
3167,42.90165561561287
3168,42.14743151304457
3169,29.441468844812913
3170,57.51816333185372
3171,31.880127069364217
3172,57.42223587023535
3173,31.909804121135966
3174,29.96808990941028
3175,52.627496688412826
3176,24.8021913888971
3177,70.57532458687913
3178,41.84034603425729
3179,58.99684298296187
3180,33.27123211664707
3181,73.81913205654504
3182,29.630245684000084
3183,34.133682082814204
3184,27.140993160231133
3185,32.416395140701866
3186,32.2042634186325
3187,75.86839828212962
3188,31.052685565116473
3189,43.07243144660184
3190,73.39906328291318
3191,74.94187644424139
3192,50.68775697608772
3193,80.29757650955574
3194,74.08368613387866
3195,28.841570792286017
3196,23.99808756197439
3197,62.415811356639395
3198,73.94081205111785
3199,73.84067017900334
3200,38.65947954519523
3201,24.440068989385836
3202,27.671347918538924
3203,48.47758674917656
3204,65.22167315022261
3205,69.82076813133891
3206,37.033722796076816
3207,25.22796797011594
3208,30.212457230802283
3209,62.24474697094973
3210,44.679355151867895
3211,34.97377129307144
3212,62.18890484924583
3213,67.51256194316677
3214,25.062413411255047
3215,28.439051064904213
3216,29.837373847090387
3217,38.99386287422384
3218,31.19690030291419
3219,74.4957813855376
3220,69.23423841956762
3221,66.28242411197596
3222,33.79685235884791
3223,39.30056540258621
3224,29.897622074741793
3225,31.184126476563424
3226,31.372985918931345
3227,42.700675217149026
3228,77.71102211756377
3229,35.98712813997447
3230,30.240608219727974
3231,30.436016806065524
3232,28.575519433261785
3233,65.19936116815546
3234,34.87660226570112
3235,51.24143327571444
3236,55.9892297603554
3237,64.75320669232198
3238,58.88017082067486
3239,26.78120753032599
3240,23.71431963194095
3241,28.967788637401792
3242,66.30704435511034
3243,33.33951475187364
3244,34.16050126323789
3245,34.29153318513546
3246,77.41843593106532
3247,40.355340765391425
3248,61.43806790443632
3249,67.58753566606607
3250,70.37861094759523
3251,59.00150561387794
3252,31.95271252075276
3253,85.41004417753798
3254,66.86308078929989
3255,50.73924300456809
3256,74.47965541504718
3257,34.790575912779616
3258,27.03472128390609
3259,36.50503767841345
3260,61.367623841336666
3261,35.30030065822906
3262,53.25347223196246
3263,30.157421082368234
3264,25.969326103366846
3265,32.79695595405895
3266,26.62740993756847
3267,65.35745140627844
3268,70.14067192756751
3269,71.04751842249989
3270,64.31236136048832
3271,32.77708466428624
3272,64.73862229922122
3273,33.818046712339466
3274,29.613896742219833
3275,33.33284510483229
3276,65.17738078799064
3277,82.54247825247484
3278,38.614347879616005
3279,26.213137184895796
3280,72.56343844505776
3281,75.58904520582875
3282,72.69584255882609
3283,28.103818742677955
3284,31.877166524405663
3285,53.87274977850779
3286,31.67172458283413
3287,32.593883877754536
3288,31.271256372246057
3289,62.609615989641895
3290,64.8311128382923
3291,73.9578238982996
3292,30.089352918071665
3293,70.2834766512168
3294,55.40456112813536
3295,27.962588874221495
3296,36.17945455036853
3297,67.60552771693634
3298,72.29457682802034
3299,45.18510534962816
3300,65.72887412943517
3301,78.73164975347956
3302,78.95919153910731
3303,28.510213371671195
3304,28.18175041831714
3305,69.0608056037794
3306,61.6975048461132
3307,48.64091341280947
3308,27.694233424363492
3309,28.090162892143976
3310,27.48401237711293
3311,62.291641080492724
3312,29.29166442401888
3313,36.904519586522824
3314,34.32200968545637
3315,36.207559954515816
3316,61.78183966279933
3317,62.5075964612993
3318,31.60548980518026
3319,29.20539324553555
3320,49.25065771693735
3321,27.993914849057223
3322,66.86294255319109
3323,33.142378931519445
3324,67.15965593035418
3325,28.335761578171216
3326,38.65560292508847
3327,27.41225643885758
3328,66.03311534315829
3329,63.71793093097633
3330,76.51327911887607
3331,32.42508181360037
3332,58.579007846136015
3333,62.595735785404635
3334,71.22214921823085
3335,33.00280740265105
3336,30.129105328910118
3337,77.30550583016162
3338,70.63900585789087
3339,27.192778821785897
3340,43.38390189827151
3341,33.35800415646833
3342,83.20336970978862
3343,63.51688890508711
3344,70.26096596215909
3345,63.288795598427996
3346,61.72566147144719
3347,32.64438325491105
3348,28.508864200426228
3349,25.397867031890563
3350,57.70594637378964
3351,44.37010326970944
3352,65.61455629001931
3353,26.408888350287633
3354,34.164429178946115
3355,25.34647380335875
3356,68.75740975109989
3357,70.49355420063281
3358,41.559672875179324
3359,39.17392197049111
3360,37.54297905806063
3361,55.58470652550819
3362,61.892907405617436
3363,79.66989563214231
3364,38.73414927558407
3365,55.382294513362474
3366,33.7104261590932
3367,50.201651695799875
3368,55.07513426696525
3369,53.21437896271074
3370,34.006749976700775
3371,29.28229529718708
3372,37.33223929253389
3373,60.5201710030936
3374,26.403649123244033
3375,68.01959045847028
3376,57.874936111267886
3377,72.23452910199158
3378,53.58152516900185
3379,25.792374683856636
3380,33.60688567564391
3381,29.964107601172064
3382,73.06051463255653
3383,32.80628500860433
3384,33.444156828642306
3385,28.25462542690558
3386,30.136180049450747
3387,71.01819217114021
3388,66.07593261851753
3389,29.43460353680781
3390,38.679964246444754
3391,35.36977748964544
3392,28.381476409273475
3393,79.01480750266217
3394,66.27176038626517
3395,66.38107362154624
3396,38.965274918026935
3397,30.894316509557648
3398,34.066380882687
3399,60.39532101362378
3400,30.46073688515916
3401,44.227219133688294
3402,59.41578062986614
3403,37.32924226913976
3404,62.14586993572636
3405,77.9937103975064
3406,50.68120374090871
3407,29.69485770407292
3408,29.988706266673827
3409,72.12462168525127
3410,58.50053112312055
3411,58.75399630850621
3412,55.98262413726948
3413,39.96485790432873
3414,35.38479713072005
3415,29.891510438573878
3416,68.3941362010944
3417,73.8612184110936
3418,29.75900150830686
3419,36.38552912314941
3420,59.93927796607856
3421,32.839910924991514
3422,55.94514557235198
3423,33.18985954357406
3424,50.57213736141593
3425,34.43409906434756
3426,62.80543775319612
3427,28.52803461563585
3428,33.43278859125225
3429,58.176718918920784
3430,28.9217946641518
3431,71.72679719833171
3432,48.64027804600168
3433,64.56690670740855
3434,33.91322289894916
3435,75.7909262751504
3436,50.97693602001851
3437,59.7954227138437
3438,26.71189927534647
3439,64.00304747233844
3440,36.94823661485556
3441,42.83595715740336
3442,29.687065958330574
3443,32.62125967964489
3444,67.05227545035208
3445,35.5660273331639
3446,30.993682115566532
3447,54.40531165429849
3448,54.330013924980875
3449,36.99441015658236
3450,28.875794299363164
3451,39.222701710840404
3452,31.199111532913008
3453,45.92817751737953
3454,68.13536697098489
3455,29.66948853773471
3456,40.38247574243008
3457,72.04214975536826
3458,49.60978245624186
3459,40.17861952919872
3460,30.52315313835241
3461,32.991141026565224
3462,72.77171234859007
3463,63.56264750700299
3464,31.73250684006383
3465,30.097917021578226
3466,79.45408685076205
3467,59.750930931501514
3468,37.157589594840445
3469,30.05029401607683
3470,31.95352201214303
3471,55.870956348031825
3472,64.79331834358521
3473,57.56889660795281
3474,74.10709566393048
3475,69.88702991724348
3476,31.954897749212122
3477,57.734654796707424
3478,39.868474989906105
3479,30.519243332869195
3480,27.42932560626023
3481,29.30365580591288
3482,31.332024148724404
3483,61.8951298827029
3484,30.268730105796976
3485,59.38694098062746
3486,55.25188263488314
3487,26.580935430642317
3488,29.967784993477462
3489,69.35334536995896
3490,65.90576443308254
3491,52.880817824042644
3492,47.465542699930296
3493,68.44968371651824
3494,28.567741883258563
3495,36.71078703128941
3496,28.908623027542053
3497,27.280617179522427
3498,30.60741493547613
3499,57.83780182525793
3500,31.764852161203123
3501,32.26304601908171
3502,77.54117567854834
3503,54.14305608512985
3504,35.79560676793547
3505,29.19360487858118
3506,70.43326052934196
3507,30.785977230596163
3508,33.46597124209547
3509,31.23990697740477
3510,31.845180056106752
3511,60.44130691792252
3512,28.75397617184807
3513,28.092658030605914
3514,25.556650073647987
3515,68.49748375361091
3516,69.0694778711042
3517,30.62843273437444
3518,34.13579745097084
3519,71.12742890583816
3520,76.76163412417154
3521,33.971810199665434
3522,44.51553481890049
3523,31.371201343256995
3524,65.58432451435264
3525,31.917406280903467
3526,32.32325568005258
3527,33.010787014561565
3528,30.224982545498992
3529,43.52068256288257
3530,65.96599995640997
3531,29.7692659558842
3532,56.51183747930862
3533,36.95032138341792
3534,26.34703539963444
3535,72.06765710315909
3536,52.8867617553742
3537,28.971313514737467
3538,32.29236559518314
3539,30.69194459330657
3540,38.156924938674955
3541,35.40080953690671
3542,34.69119283837598
3543,54.146326429935925
3544,27.968958488800176
3545,79.76847937982737
3546,59.49906416881266
3547,37.67970228910396
3548,26.160860419687598
3549,62.76000023073078
3550,55.19022247268783
3551,31.520027140010917
3552,39.678380402428026
3553,54.7832217890645
3554,32.821963399015324
3555,37.506451966467615
3556,46.19283339831706
3557,61.76201375199707
3558,81.96593946975551
3559,35.234712172959185
3560,68.42149649733769
3561,30.899346636440715
3562,80.08954005145472
3563,35.105151229658915
3564,48.16760682128986
3565,59.19628234445138
3566,44.88007167186079
3567,42.42190219019522
3568,28.97649117940788
3569,43.05987729915075
3570,48.94247692830613
3571,41.00981043223682
3572,54.78292308992855
3573,59.372997353130565
3574,63.12624070454953
3575,60.34461454666138
3576,55.18482309571411
3577,43.55819948999612
3578,32.159432937296025
3579,36.45723236391677
3580,65.13037375998312
3581,31.938325377393827
3582,27.117147179135213
3583,32.43270493738554
3584,41.84711465291064
3585,29.994630050824473
3586,75.02502630416579
3587,64.60733375194849
3588,66.32137303662451
3589,64.2050449153099
3590,35.03050702465835
3591,78.38067840267709
3592,73.4424241271407
3593,28.017188661971286
3594,30.471051661121358
3595,60.85031135605092
3596,27.22521531154288
3597,33.18397114766662
3598,33.28092217117036
3599,77.89699425233042
3600,73.8928761938322
3601,31.37982151117697
3602,37.084316982873354
3603,72.65993006317859
3604,33.68817153226114
3605,67.9343432156858
3606,31.760520993080547
3607,33.92362126220431
3608,59.956030646421645
3609,37.0741457927683
3610,29.92082715240747
3611,48.94868431096144
3612,63.61100834393682
3613,62.07473653646943
3614,51.96976117584795
3615,67.55114206289574
3616,28.976632829325244
3617,57.59213970510898
3618,31.216811287044024
3619,53.34445594965973
3620,52.26200313013984
3621,61.30157183739682
3622,35.94748407888032
3623,59.28826116699066
3624,45.004911095168495
3625,29.329333151624738
3626,38.39548455660008
3627,64.13142131264196
3628,30.09037165030199
3629,61.761454316681736
3630,68.27266552736243
3631,31.973832214792576
3632,60.53928291582221
3633,27.163048078645843
3634,72.62342349219978
3635,53.97049558713573
3636,54.22094818572424
3637,63.256002194348575
3638,46.5749943970838
3639,71.77285451238625
3640,32.905029437260424
3641,55.28799395075512
3642,38.74051727096025
3643,62.40542018526642
3644,31.887055425695504
3645,41.056147642949995
3646,56.57508729715158
3647,65.0166018996715
3648,26.29584019249641
3649,34.88994218882132
3650,26.463426952642312
3651,28.916817731585024
3652,57.975868119890904
3653,29.158005320448865
3654,73.90302310764653
3655,64.14565276703757
3656,39.90580630216553
3657,31.81158840894573
3658,68.9204340267055
3659,46.971593392887556
3660,37.424716117574135
3661,68.84081292074026
3662,27.131908588538305
3663,26.707157257484706
3664,63.824427233236754
3665,31.570716864557994
3666,65.55612169949444
3667,49.96337524311656
3668,58.11182612119674
3669,33.55860656631522
3670,72.92538833110544
3671,51.468228204044514
3672,29.98967929512708
3673,52.6040208212039
3674,32.47823243750132
3675,70.95609644951301
3676,63.59068798546701
3677,61.23876924193766
3678,63.92995199207181
3679,54.480523783156755
3680,72.02054705823384
3681,41.0542380710919
3682,43.27911610912808
3683,33.17128052941293
3684,62.61624764834881
3685,29.92278615048096
3686,56.26129559722382
3687,71.78435306319732
3688,61.21609862147187
3689,69.10584906324056
3690,63.012393194989116
3691,36.12656941916353
3692,68.85660251673049
3693,31.461772959980816
3694,55.38224828994483
3695,39.445800741743255
3696,76.79143783701808
3697,53.67535498776283
3698,29.074066581252982
3699,51.150605559566536
3700,32.647694521303066
3701,61.95614332085339
3702,69.8170916626505
3703,37.471962788104115
3704,68.25931637308548
3705,68.96926185507763
3706,62.589184800223414
3707,31.155328348627233
3708,35.078953278256776
3709,68.10777899488107
3710,52.79890841810018
3711,35.08003501221142
3712,31.518346472296944
3713,75.13589540999287
3714,71.09656119972152
3715,28.075169826206892
3716,40.891916709518355
3717,71.06042706363718
3718,65.37558370768984
3719,65.05826332187551
3720,31.370151344231715
3721,74.6130455332304
3722,49.73390751992587
3723,69.67019639838081
3724,29.857270462300466
3725,32.02101116397786
3726,36.41154714488145
3727,50.98265542468808
3728,6.329175391397932
3729,71.39371872225229
3730,32.15652123178056
3731,49.886582532505585
3732,39.94694881366833
3733,74.0267040504362
3734,61.95089671648505
3735,63.82702188989962
3736,33.92983628328379
3737,70.23595062123307
3738,71.37732037065251
3739,42.290617177006666
3740,30.893020293353732
3741,60.74617860230053
3742,71.63168836234564
3743,38.47151570075748
3744,42.06711707888387
3745,53.02151037233522
3746,69.19004750362728
3747,65.12426100386675
3748,33.26445647123318
3749,33.033389234976305
3750,34.78011147963815
3751,43.89664364902808
3752,28.101855232346654
3753,66.22798945683218
3754,56.482539909443844
3755,34.1527699023456
3756,62.51903740839619
3757,63.855235187884865
3758,52.77618953432455
3759,72.74924841160363
3760,70.87871288751407
3761,68.98864905633042
3762,32.93538606957997
3763,71.96691934779751
3764,35.50796538420018
3765,62.05483857592464
3766,51.33612924006425
3767,36.62123930392375
3768,50.60330929534854
3769,29.63230729247554
3770,27.452314818007384
3771,72.8571880011159
3772,52.29393919730946
3773,57.6254990014954
3774,40.64414870752185
3775,67.35832111094975
3776,73.88580559952437
3777,29.287199991352452
3778,70.10189892036846
3779,56.11531107214748
3780,26.459063752787753
3781,41.797052811567106
3782,33.62747568132889
3783,60.386471704156406
3784,26.93081682196097
3785,41.26140857089023
3786,60.89513858493363
3787,70.79087796142605
3788,69.04647362495129
3789,71.12948250231722
3790,33.64699415473291
3791,77.09762977457268
3792,26.24762360154764
3793,68.76574665316814
3794,54.578744001329326
3795,28.555907459970364
3796,62.56033988256553
3797,71.1233282038032
3798,69.81926324523366
3799,32.771970021466615
3800,52.874507276462026
3801,75.7047956885246
3802,25.102810984156346
3803,31.229493212507336
3804,63.14215424706863
3805,51.90516965897288
3806,78.58919580268679
3807,76.27678572424668
3808,73.16793427523655
3809,71.61825404546015
3810,79.90032693137125
3811,35.18455921894542
3812,62.60710299641027
3813,31.946415777093527
3814,28.37531374379063
3815,70.83708058768161
3816,74.19073744031549
3817,28.661902528454387
3818,54.64236755886704
3819,41.24873532359176
3820,71.30690223950707
3821,39.27230178757691
3822,31.496588302008977
3823,29.853153254283175
3824,63.53562874218022
3825,36.61026312577327
3826,55.822076895107365
3827,61.43028105714568
3828,52.34504682137412
3829,26.977074176355703
3830,62.163826080444366
3831,57.817189828809546
3832,35.171483068333075
3833,26.378868955101986
3834,34.515297588020175
3835,74.76438774994566
3836,55.552130625880444
3837,38.868579167185196
3838,63.8600599530899
3839,29.02630432721863
3840,70.29269351237221
3841,56.94018337679317
3842,42.199606294528245
3843,32.09799350650416
3844,67.88489806520109
3845,38.47216309041395
3846,31.50354301691916
3847,43.173718891676955
3848,49.2722282528111
3849,26.98418293028774
3850,53.09973396456726
3851,32.05625922380736
3852,60.21543285553818
3853,38.73430647359949
3854,52.97992740030756
3855,34.14849220880111
3856,29.669324559464698
3857,65.65503224475202
3858,32.343874403731775
3859,59.93658372533694
3860,53.0465133091757
3861,61.853754348355196
3862,63.68718044751895
3863,35.77005762751684
3864,61.740587199744155
3865,71.51834064103805
3866,28.813742057779482
3867,77.4689490671743
3868,28.074347223110887
3869,55.27232135174784
3870,68.69341396240011
3871,38.059986501390064
3872,35.463276861884374
3873,56.78748976725744
3874,31.658390948855047
3875,34.032230443732104
3876,28.680993352567302
3877,44.82268484387349
3878,57.285240095276215
3879,56.59896878064538
3880,54.99980638123513
3881,34.48716663586895
3882,56.13527137111508
3883,37.23152607775081
3884,37.96792773660849
3885,80.66177602371206
3886,35.1945920796764
3887,28.983214271245675
3888,30.02610780515948
3889,20.92356258474755
3890,78.82491347031491
3891,72.52089255691612
3892,34.828418617033726
3893,27.51205996898751
3894,29.862203106171915
3895,74.56326443180312
3896,31.92790229179089
3897,29.09633665106677
3898,31.290470395578286
3899,43.31888590269295
3900,27.19692558234754
3901,46.741647545780665
3902,74.7924736084394
3903,61.38809651907109
3904,40.13703458680284
3905,29.948735489992696
3906,78.73205595304545
3907,55.113614534050605
3908,30.728639044167956
3909,67.42656594608414
3910,55.308811149062855
3911,57.35345049601672
3912,31.420228316467018
3913,65.64661292891223
3914,70.55863850696153
3915,60.68997048483419
3916,63.98341927892337
3917,64.25350944951761
3918,52.00751852864116
3919,26.93467370121174
3920,28.82787684221223
3921,30.26708506011912
3922,46.09085267197313
3923,71.07744718883161
3924,73.41484941685266
3925,29.19534527957342
3926,79.24571097288026
3927,65.22444250398603
3928,37.255835560445504
3929,37.2219129588025
3930,58.560951777621874
3931,51.31952911231282
3932,38.703604630927146
3933,34.41149317964236
3934,60.76832205985659
3935,29.340683467042236
3936,35.808496083884066
3937,79.27619118282107
3938,60.2924924117474
3939,35.448237520458136
3940,70.51521531126825
3941,31.230031595417127
3942,70.10222565896764
3943,29.3517361920789
3944,62.259277060324706
3945,54.18786197638613
3946,51.83586603758019
3947,27.937872006180214
3948,54.015069272009555
3949,52.22946485134064
3950,59.81899266583696
3951,41.029876840370505
3952,31.15415492568617
3953,54.158026818687546
3954,28.795646359057162
3955,50.243614902854
3956,36.90564333855987
3957,68.94089638593049
3958,29.247504539866775
3959,65.83680112554924
3960,51.453475025283986
3961,49.977223682245544
3962,54.26203963040604
3963,34.354100750634075
3964,49.16304771878233
3965,27.638786978569552
3966,64.68073348894212
3967,39.59958452789451
3968,52.57985947978504
3969,57.64703145217408
3970,46.59186591570082
3971,32.74759755260132
3972,67.00266837197503
3973,41.049472973136886
3974,41.21178625647838
3975,76.8480787624658
3976,70.8297187185107
3977,58.61735923802477
3978,62.96579751954422
3979,54.49297749597835
3980,60.89453594906319
3981,61.190422044610365
3982,52.18177635870196
3983,58.43320606289165
3984,52.51191652579659
3985,51.67119267963043
3986,34.982783373308294
3987,32.78681548259016
3988,39.956964753195685
3989,52.56292911794041
3990,32.92400656203789
3991,33.774246789888636
3992,60.39734629142169
3993,29.209978586073213
3994,55.1638649563203
3995,26.98658693874577
3996,32.82864972067057
3997,31.75606805437535
3998,40.8139043306706
3999,45.24892957904861
4000,56.00782491617783
4001,39.49970001150406
4002,32.85025730477314
4003,50.04447325801237
4004,59.62689696021307
4005,27.455829017502634
4006,27.646585581233374
4007,32.95908675983869
4008,33.17802353139896
4009,63.36506877521923
4010,35.07438652180143
4011,64.19440061323273
4012,29.19352701400329
4013,35.909882507239445
4014,28.28138409635049
4015,36.11130539210722
4016,41.66935510995146
4017,38.59651677437289
4018,28.072389169473468
4019,69.92732120774775
4020,32.791633279062374
4021,59.98850026033385
4022,29.35545475080106
4023,31.821344591174554
4024,43.70141661676474
4025,32.52807570131359
4026,60.75971826723203
4027,71.53061771394079
4028,31.16739576252474
4029,63.26188247762255
4030,32.493839393454046
4031,34.07058369401125
4032,37.40624970093119
4033,38.594757582721606
4034,33.694633150011164
4035,44.612090787520046
4036,38.74179562957416
4037,30.83559861408586
4038,67.71510132167496
4039,68.90695050297892
4040,50.644903750632395
4041,68.46413066586273
4042,50.95850929574666
4043,70.83960822969492
4044,57.147387004819116
4045,68.95715918686672
4046,75.02191572146884
4047,40.90590080534201
4048,70.82997545500675
4049,66.85145776507404
4050,62.60121671918726
4051,35.02435702623621
4052,57.87922753343821
4053,32.19348420794693
4054,71.71277029527339
4055,51.922249371663334
4056,33.9544802261215
4057,40.13807095415795
4058,25.513101582598892
4059,69.49201310419195
4060,65.90835096677954
4061,45.88015041772854
4062,71.66248206364045
4063,68.63329594866492
4064,28.07936156712636
4065,47.15146490189488
4066,72.46245948114009
4067,31.196222241747765
4068,31.24242537866694
4069,29.59434550702412
4070,28.737782953109058
4071,36.843917122071105
4072,26.26618132881745
4073,37.518214539890785
4074,37.766974091504615
4075,56.97637308389295
4076,29.51327450554482
4077,32.42367638648622
4078,55.1921426187546
4079,35.58705806105024
4080,30.369425643681016
4081,31.572322531755344
4082,73.60755352830802
4083,48.812956180423676
4084,30.49486872414243
4085,67.75001364477778
4086,65.32528619848425
4087,30.26715867367946
4088,56.87469573236662
4089,62.91705813032695
4090,29.238933115052443
4091,73.31212459569667
4092,33.73266696323657
4093,30.179167765954272
4094,59.697391452156126
4095,34.50908594375455
4096,42.182351071081065
4097,36.75310942542243
4098,68.97986376646872
4099,68.35597969492935
4100,70.57746105126408
4101,70.83601018851283
4102,57.435658120146044
4103,28.944610792551256
4104,66.42559987913455
4105,61.21379625601887
4106,69.51612577903349
4107,65.14157107973013
4108,30.18954842080765
4109,67.13903763117958
4110,41.027135652937424
4111,36.06302015023421
4112,58.33820665224492
4113,37.12617673503077
4114,72.92343221598207
4115,36.995636237638536
4116,46.96303198558588
4117,45.75112405680718
4118,31.108335871330564
4119,33.47164611468186
4120,72.83672263815302
4121,25.096049225837067
4122,43.21235329805103
4123,54.70512299260637
4124,66.98023835907891
4125,35.73745972428642
4126,52.25308797968508
4127,53.619500101762725
4128,32.54450228355838
4129,32.26804202660742
4130,71.45325177832501
4131,67.78732329310527
4132,48.59384542820001
4133,54.17665552762194
4134,60.80698110727196
4135,27.320593163788093
4136,52.03847287255504
4137,71.3144573315861
4138,27.3636458112824
4139,79.84726069464736
4140,36.86632135649433
4141,71.3188516009824
4142,29.848463252654856
4143,59.71722889828183
4144,28.48673839782992
4145,52.30794242776208
4146,50.02902518133296
4147,37.451051559492655
4148,58.83636461113005
4149,66.14258743667231
4150,45.7279222106226
4151,32.819230964079274
4152,33.165394471358134
4153,33.32149830179273
4154,33.36689813616118
4155,59.73314750558377
4156,65.00809728882321
4157,72.00329532928656
4158,62.24966715408851
4159,70.47198114112228
4160,62.007654525860715
4161,39.67886735449227
4162,46.336062121607625
4163,66.33147760361686
4164,74.59781183361642
4165,26.657048729542364
4166,26.90690386089872
4167,64.21466731732392
4168,34.90091973694855
4169,50.50741654888187
4170,35.83083631745431
4171,31.287801309295805
4172,32.031773645998456
4173,45.4209173147742
4174,33.49048775031345
4175,66.80469043179724
4176,59.32920631427306
4177,63.62209443307656
4178,52.35725259308212
4179,68.27991790042313
4180,55.718836229475095
4181,56.2560756046464
4182,81.6068268505354
4183,60.91007072373285
4184,28.678264349247257
4185,18.62157788716954
4186,28.640026622920804
4187,51.15493657378058
4188,29.59722674607334
4189,63.28121505570455
4190,75.53495222201451
4191,33.487271880502405
4192,50.01317588765715
4193,54.40580432396783
4194,59.578377281007626
4195,72.54625632164982
4196,63.70786060612247
4197,56.45903068144866
4198,53.819853042139655
4199,64.55407581623045
4200,26.93691706205653
4201,82.55968898666814
4202,58.60264458286133
4203,75.74940418016806
4204,30.62078118965358
4205,32.03224627327248
4206,66.0525518409307
4207,33.539522535775404
4208,78.28383583473344
4209,44.698686479844824
4210,43.891917450146956
4211,57.76092405672675
4212,74.06404409747655
4213,44.49489901973891
4214,48.905414197566834
4215,60.20112764408201
4216,70.02056996946516
4217,30.133456964444616
4218,69.94656755497283
4219,31.192948793442923
4220,52.917368419582175
4221,29.846911174257162
4222,65.29882912408479
4223,73.31046379828207
4224,35.923669315665066
4225,30.694893410901095
4226,35.141574415716576
4227,31.7697205113783
4228,31.977993841895756
4229,65.70492130346572
4230,26.753322727960743
4231,35.660768618564724
4232,27.840618129291197
4233,63.73249396603611
4234,72.19588012642271
4235,54.58236800569188
4236,56.37679521650611
4237,53.052215204944424
4238,67.93120177164084
4239,74.43116780270212
4240,61.798862489978276
4241,90.24064429142813
4242,85.11094152571785
4243,37.84359904645827
4244,40.182040422424535
4245,59.21992892555685
4246,40.91141180152441
4247,28.460387028719683
4248,32.63486583831976
4249,74.14197594920466
4250,47.553882712566576
4251,27.439120303265508
4252,30.25517520202567
4253,31.41148737321981
4254,59.49277855472882
4255,63.2706574232189
4256,26.780002238495708
4257,66.64346356945188
4258,59.5961641408724
4259,75.02074953253148
4260,76.04158808537542
4261,35.795546173250074
4262,28.649327514927993
4263,70.00429700350989
4264,60.224897858154016
4265,31.67708570936844
4266,33.408631671544484
4267,45.058699305781225
4268,54.66720993116743
4269,36.71287644497876
4270,73.8903540241379
4271,42.443874083994885
4272,71.2901424455786
4273,41.844411512577544
4274,53.980821926222156
4275,55.77228327791293
4276,70.31526113130855
4277,32.876825302663434
4278,59.88805542562143
4279,29.30800749595514
4280,69.55928262090406
4281,72.56660001897394
4282,28.23537748070581
4283,30.6373281718185
4284,73.33080101685827
4285,30.848503901205817
4286,30.70343640851716
4287,33.9119375490044
4288,36.03228478586082
4289,31.017410238474014
4290,56.57851243960913
4291,35.13887151811864
4292,37.746995003546594
4293,64.90195268365044
4294,34.67854251970675
4295,53.898075194207166
4296,74.10529136102748
4297,38.62804024354256
4298,34.88903317994798
4299,28.86101931558608
4300,54.05740840574478
4301,56.9491571294903
4302,53.284575468454356
4303,28.636245661178695
4304,29.805148663738915
4305,63.532488894042906
4306,32.19840305914642
4307,67.13375374809486
4308,35.38706002646259
4309,73.73001797724201
4310,36.09893787775336
4311,29.568785614264417
4312,58.79784280869095
4313,38.90354486912734
4314,26.566247313955937
4315,63.667758225569926
4316,29.219990646528064
4317,48.79601871839314
4318,57.23366705937106
4319,43.52170437870301
4320,58.58667160486581
4321,61.57459172445421
4322,30.826512258641415
4323,63.24832098982188
4324,68.99967831192885
4325,29.669489136894466
4326,25.61485322876841
4327,37.10811969891681
4328,27.880629895960297
4329,69.42068902563841
4330,58.91812234650511
4331,30.195277784070495
4332,41.078313870625074
4333,36.47574629349434
4334,28.28777419731787
4335,68.34861991689877
4336,33.565748381758524
4337,29.563216790922723
4338,27.035444475070328
4339,32.7290722379925
4340,63.79715045984863
4341,30.33899672100046
4342,30.250333200430486
4343,31.614314592946723
4344,54.639416701467056
4345,31.58114147500682
4346,69.2975679869867
4347,32.266998876511806
4348,59.57219798139219
4349,67.61630268115496
4350,34.48593071101318
4351,64.77275595699646
4352,42.132255397715404
4353,34.695615991517386
4354,37.79467506562504
4355,49.70062491206323
4356,70.29796347637341
4357,41.216011845945374
4358,33.4629315656921
4359,55.33878600001675
4360,52.68155524998754
4361,32.951951610521114
4362,28.013267128427795
4363,78.97715156314668
4364,26.27710046738756
4365,50.4481681578369
4366,36.96211184618226
4367,72.84807871557756
4368,48.71460424316856
4369,48.6587708516941
4370,48.47569828405331
4371,34.00966769762668
4372,29.9039007751265
4373,60.337233658139034
4374,32.4628693329573
4375,36.75556345314443
4376,40.818453046490916
4377,36.7330513692106
4378,66.70652523699057
4379,72.85372706339093
4380,30.659388572751194
4381,30.05779250337631
4382,36.249321092502456
4383,39.91106789355316
4384,35.59186920646356
4385,35.79273103568894
4386,53.23320134761333
4387,62.71445824521122
4388,29.237880896121432
4389,69.59874232781424
4390,46.26513456181662
4391,72.82436420560958
4392,36.410677208782865
4393,59.13814244457207
4394,66.04539124509618
4395,25.102028516852858
4396,31.216189498354055
4397,58.420152462447824
4398,66.19335044232658
4399,74.77270977612552
4400,34.37644801080948
4401,74.32427914031251
4402,33.169950667294835
4403,61.118243789967124
4404,35.125085146195964
4405,66.2186440070975
4406,32.72303644727472
4407,72.13268909230479
4408,33.675474701793604
4409,49.823597933594186
4410,64.02754733627825
4411,28.0685890342415
4412,48.794902292815514
4413,69.59608786640158
4414,61.046875922451626
4415,46.13293198737376
4416,70.13656180405273
4417,29.43847958294845
4418,54.59410240959369
4419,28.43214491748377
4420,50.218325332560894
4421,31.516135120434356
4422,71.99898062791686
4423,33.37647760904907
4424,52.69182897401855
4425,52.739838470109575
4426,53.828408861495845
4427,25.77865172607681
4428,58.26878467962472
4429,45.014607926516106
4430,51.97461638442387
4431,27.697624241941778
4432,32.367405244104454
4433,56.57012874988068
4434,62.41258849227417
4435,29.369012571325325
4436,33.62158150946469
4437,52.327311363028635
4438,31.173990873589986
4439,39.30002849029521
4440,31.492261896409236
4441,32.167621862781246
4442,69.28916631587617
4443,62.46639949592384
4444,51.93294508424448
4445,23.776786003481877
4446,45.947802540851505
4447,77.05539562477931
4448,38.343890374664845
4449,29.370753963636762
4450,52.50128462106916
4451,50.66200456860237
4452,65.57650540184594
4453,58.55198023387461
4454,79.50879942706193
4455,66.50395820449482
4456,58.42497647225183
4457,31.877964770869614
4458,54.42926244790659
4459,35.75927825132409
4460,66.88144602344529
4461,75.9508825571149
4462,30.10527216968491
4463,73.4727124752221
4464,69.46695569346389
4465,42.252090473204774
4466,35.60034039836379
4467,30.068366065244962
4468,44.68813291220607
4469,76.00163146354761
4470,26.472373875689048
4471,55.5499972392816
4472,36.695761669617596
4473,26.479033948957035
4474,34.50586421486871
4475,64.8333866969111
4476,31.44760694195114
4477,37.733234385137045
4478,56.77295760563315
4479,33.21824018774974
4480,30.21579614695822
4481,39.51487033294211
4482,37.80315581061001
4483,66.26121540085097
4484,34.25874942906068
4485,31.370393511546407
4486,27.253461842126217
4487,72.17500324534011
4488,68.8547391570056
4489,34.67042560869105
4490,25.860187857584396
4491,37.93296961541643
4492,31.21161965802601
4493,48.01491366645477
4494,25.348878130318358
4495,50.66771948094213
4496,28.537151995202148
4497,39.67690062200337
4498,30.06699986844393
4499,47.856601526525445
4500,27.422800212502615
4501,30.327254935169737
4502,68.46701605849837
4503,59.01822424266746
4504,76.9954152386657
4505,28.702482825040104
4506,61.1811588861517
4507,38.94966858055989
4508,35.61437792876616
4509,75.73402611353728
4510,51.04934265455706
4511,56.65319710384619
4512,32.989180876568795
4513,52.53188747425107
4514,54.13877506135593
4515,50.189895249694295
4516,62.89534486475817
4517,52.03099879256819
4518,25.64890317519487
4519,27.319258564748008
4520,37.67856538800896
4521,41.722110361771264
4522,33.88707531788053
4523,35.995343028901175
4524,56.37358937957212
4525,26.022917311210943
4526,34.21418565259072
4527,26.387724376147975
4528,34.319179647032314
4529,69.03681917684773
4530,51.89128951733251
4531,63.8427470309246
4532,70.9792596364143
4533,30.261182512845995
4534,31.23779802558848
4535,28.068407962846322
4536,69.39429449922942
4537,65.7437328307811
4538,28.0786795354593
4539,28.293954422104697
4540,72.58093163088955
4541,61.79881736532029
4542,27.595466074247764
4543,25.813186710167624
4544,31.75602966349891
4545,73.34961989773296
4546,81.86592688605302
4547,60.19062197151293
4548,75.28098927630262
4549,75.5551866781719
4550,59.00797380068764
4551,51.826367889797964
4552,31.719656354345876
4553,30.623177226951874
4554,59.40182935303014
4555,33.53716736418053
4556,73.91315986449285
4557,51.62959039716843
4558,32.15917190625399
4559,53.58968375752016
4560,30.085911686835136
4561,30.438695887532962
4562,64.54144102154807
4563,36.77015069832855
4564,28.546365711984624
4565,55.46130054618505
4566,32.53722031113282
4567,60.96371864842557
4568,50.464473329371536
4569,61.35433892468674
4570,27.63608767649095
4571,49.416456729057295
4572,27.667587146592332
4573,73.9066870722387
4574,27.083978167265027
4575,29.314142871773367
4576,45.99734457621389
4577,57.9613523992661
4578,74.8206516554203
4579,31.448298471268515
4580,53.330702410092
4581,59.35542905339256
4582,57.496410166172
4583,76.43392968458566
4584,35.75413109281545
4585,61.92220957901512
4586,24.223185523097666
4587,34.926377166269255
4588,58.25742362711295
4589,62.10574745938457
4590,62.85018061192616
4591,34.3815418498994
4592,62.78084564656244
4593,69.8386337119868
4594,28.708120995174685
4595,28.15049241466768
4596,38.8218630920298
4597,27.63621152409055
4598,33.175572136319204
4599,28.97451685856442
4600,66.53567744723512
4601,31.113552721253466
4602,35.07880156929508
4603,43.951226060203666
4604,59.951525908111634
4605,72.87009886329825
4606,41.35471387021178
4607,34.309499872243826
4608,46.42282312776804
4609,62.06531590568866
4610,38.7033130324201
4611,25.359108901740793
4612,35.955408853471695
4613,34.61501609786126
4614,33.77128576302783
4615,33.581977218247815
4616,70.4758247161943
4617,29.89532575731432
4618,87.75950393746075
4619,41.01726344934009
4620,38.13395199394722
4621,32.818747891227815
4622,58.83257249335051
4623,28.782255482064624
4624,36.52034625251947
4625,72.56719899813743
4626,74.52753457177478
4627,76.80161504908092
4628,72.2143703992573
4629,34.575894327760196
4630,74.79689692182131
4631,73.03706974442954
4632,41.179955712263556
4633,30.224888463383067
4634,68.80453401270825
4635,59.338997874705385
4636,32.03274078523445
4637,35.91673997231034
4638,67.76252176098764
4639,67.76951289267885
4640,32.49783907903718
4641,70.09370739240653
4642,33.00929551502059
4643,75.48618368432345
4644,34.80708287643428
4645,30.389185777001504
4646,75.88611312687108
4647,73.7492476321317
4648,34.647091572036516
4649,31.982175688865564
4650,50.39585417677004
4651,40.2957308336761
4652,43.393507147374265
4653,73.0167864155602
4654,76.3066063152326
4655,36.876782705925315
4656,34.31909707287427
4657,28.350159264519906
4658,28.06806335902805
4659,62.50702678137945
4660,30.05545711220714
4661,32.389596406768234
4662,66.42744615591434
4663,59.49204615027669
4664,71.16425995768267
4665,27.580609056880295
4666,76.16596766371933
4667,27.329315988081607
4668,23.534066350508326
4669,35.338356560525014
4670,40.839456535698524
4671,70.87730665894918
4672,51.59030089019116
4673,34.089862681973244
4674,69.24650905326523
4675,52.981937680706494
4676,34.02253924013
4677,69.70034718181006
4678,32.146934272247826
4679,60.39496067413943
4680,69.61125443048047
4681,33.224498551829015
4682,72.61672904184533
4683,42.506726570020184
4684,58.462472099608874
4685,33.145193368195194
4686,65.75824128988131
4687,69.42711735921236
4688,34.959620100407086
4689,61.892841939564015
4690,28.759747999458018
4691,61.35560734633356
4692,53.87606704094536
4693,29.7417208125829
4694,67.03961537950653
4695,65.44155913843713
4696,58.55404427173033
4697,27.052179937960954
4698,36.44104286456768
4699,71.65287539896215
4700,67.36098499718943
4701,33.8029869820856
4702,44.0170763576151
4703,32.00463131854866
4704,29.646387999699463
4705,38.73157835654977
4706,30.630197603731727
4707,62.916143061943636
4708,29.14387553131242
4709,35.26230738940373
4710,27.15222566239495
4711,33.34732137384882
4712,62.95412913601481
4713,36.476886454222246
4714,37.19768072292344
4715,76.48252659542413
4716,36.6534862339553
4717,62.830639695187536
4718,33.92149058542572
4719,26.13293811981513
4720,69.18161460835056
4721,27.979300109299178
4722,51.27452536637041
4723,31.403303840911416
4724,38.3422549399755
4725,30.07467145436718
4726,30.264933748063786
4727,62.77194317436273
4728,66.87507229879115
4729,71.64055063257176
4730,69.62098949910053
4731,63.385024432785634
4732,37.40176750267977
4733,36.6414450701866
4734,45.627394242168855
4735,30.073555733166724
4736,32.85333773084042
4737,66.22234835965088
4738,28.089000379909315
4739,77.86063602938462
4740,74.0969703138247
4741,29.375181108044668
4742,34.87386075123431
4743,68.577717515698
4744,58.514994596861214
4745,60.37984119972158
4746,46.786933958401455
4747,66.56064667369266
4748,53.52492513377298
4749,75.17150335990375
4750,32.223039232672285
4751,35.90572473724689
4752,34.41732850412673
4753,73.3214426755195
4754,82.96973411992006
4755,34.10209180726139
4756,61.055887209960105
4757,40.93986170601555
4758,74.35794914085913
4759,28.471883816852415
4760,58.26502061628911
4761,61.97731719677485
4762,29.030978377262798
4763,67.95629650399228
4764,36.18424552411715
4765,26.473937763242684
4766,30.16806531478348
4767,35.49720391735985
4768,33.67573576260675
4769,30.80658284280528
4770,32.69438260369165
4771,28.946457699086967
4772,37.95908858102894
4773,68.57643592173935
4774,37.07204847041832
4775,57.84573525750231
4776,63.13526559176239
4777,33.3490696239379
4778,27.23116428582019
4779,62.300246840177124
4780,52.874968465855
4781,62.31774183936361
4782,30.614916573901272
4783,49.75988112178551
4784,37.0368438381823
4785,34.342430445625986
4786,30.796117093017955
4787,73.68125568504736
4788,71.1294700146672
4789,77.26546220224128
4790,31.410431175751253
4791,65.90012747223344
4792,61.50509620936703
4793,30.79193856045787
4794,30.107161903114967
4795,34.523118959766094
4796,39.411964372788525
4797,28.149683433077843
4798,38.56546895950987
4799,54.82007731293529
4800,64.4285075393582
4801,30.47546041294935
4802,26.48824645642076
4803,26.464776358286404
4804,34.908169089598665
4805,30.67389515959123
4806,26.609088234951674
4807,70.38382352094176
4808,36.28234231782213
4809,80.09642602055246
4810,59.52263709126348
4811,65.67903341922975
4812,27.59363899577849
4813,30.328474847484134
4814,67.18970124489213
4815,52.976520250430056
4816,55.30872423067996
4817,57.93525778383011
4818,32.63145265422651
4819,90.58515040175836
4820,46.57538862886928
4821,31.031836675655832
4822,42.06847029233118
4823,43.94371897947054
4824,35.30964482741323
4825,26.26496691686282
4826,52.4545441220337
4827,31.25804557959426
4828,62.89374590250055
4829,31.14119111107793
4830,67.49506362381422
4831,60.110636572859846
4832,76.68393236491126
4833,30.561022461956053
4834,25.348635838129116
4835,27.99441278403162
4836,27.887373562296844
4837,27.361531621499562
4838,62.34546632982861
4839,76.75069526197917
4840,50.9783697218418
4841,64.18354762841236
4842,33.03056859974602
4843,32.92555616333661
4844,38.30839124036771
4845,25.9198127415907
4846,51.69749576890078
4847,75.62266049876156
4848,68.50190807328167
4849,28.18087510548705
4850,27.051643391088117
4851,35.57846046991218
4852,59.55787872254986
4853,29.950754466340772
4854,36.08025696359033
4855,47.37299837116036
4856,67.33991347396042
4857,45.41591023240132
4858,40.05788028012958
4859,32.619688253477406
4860,32.33690580699602
4861,36.694859653779496
4862,31.904487372998467
4863,33.17113166012042
4864,66.14839483897805
4865,37.02751725277139
4866,70.15273604202592
4867,32.20382456468875
4868,30.66487384804209
4869,41.72608667671743
4870,33.30741245173615
4871,72.112162229793
4872,62.60546028981795
4873,37.05446194399048
4874,28.266040438339086
4875,44.9625946680844
4876,61.96596356690172
4877,35.736430673006694
4878,78.25739232557187
4879,73.31765397754312
4880,36.705879947558536
4881,48.82681090585986
4882,37.41770519906646
4883,31.48069271386549
4884,31.723041889508643
4885,57.86944850653415
4886,73.93256357327415
4887,40.637391186739286
4888,44.19066638094555
4889,24.1494305247469
4890,55.08181977032411
4891,39.54827509013822
4892,26.424554069991704
4893,65.44631956714464
4894,37.185079078990555
4895,32.872626520289835
4896,38.19102334901065
4897,71.78100757311113
4898,39.62186670181733
4899,67.77088790059196
4900,50.649833039655945
4901,75.72143336005621
4902,62.372510342883395
4903,68.39229772383175
4904,54.80194722539583
4905,66.5006332061911
4906,61.820935319431904
4907,34.69384835800039
4908,28.27337980470882
4909,72.40121362224032
4910,38.54241036823329
4911,27.04232625350176
4912,27.937212515894903
4913,74.8002629493825
4914,25.988981072564556
4915,35.26775364810496
4916,41.514375066346275
4917,50.782489033003316
4918,30.990259079077063
4919,71.76546246154187
4920,27.24333796067229
4921,30.443737228022698
4922,30.524406716861503
4923,59.66678265073425
4924,31.41316252791844
4925,42.71874658647857
4926,72.37133938527089
4927,33.382848785475744
4928,69.34975544711759
4929,75.48114576538521
4930,30.555395163499952
4931,48.23036135563828
4932,51.80547483598304
4933,58.44446899797484
4934,31.89303775897424
4935,33.42937797479793
4936,65.9147584208775
4937,28.793767240144433
4938,76.78232832297459
4939,35.772452495609
4940,57.26025426964147
4941,64.62039978147538
4942,53.48051207204349
4943,62.14376543973309
4944,25.168055374157436
4945,73.4095617297428
4946,31.09470986858167
4947,34.671887720047856
4948,26.615352659976367
4949,32.44161540448954
4950,36.63928022688635
4951,20.72460812817915
4952,40.04557839255164
4953,59.2851769496171
4954,57.794444804830725
4955,64.07830672642123
4956,34.605736347060855
4957,31.76998741680618
4958,57.682848547341834
4959,38.92553995482778
4960,34.44846631318996
4961,33.576192504228885
4962,69.80498077847778
4963,52.886067301978834
4964,36.932693330292075
4965,68.5590560428581
4966,33.21505337150189
4967,51.16210128601304
4968,77.80744883235128
4969,72.42579069170318
4970,70.68178599290283
4971,64.07892617069086
4972,35.31255054959808
4973,29.000839274190298
4974,64.22296293753722
4975,29.918395061493886
4976,32.22535328635562
4977,26.763897857364036
4978,43.354469742701504
4979,51.4447347046861
4980,75.42830488006342
4981,28.91848010676834
4982,31.226978621000047
4983,39.22132749709169
4984,52.35262242398294
4985,59.82343550975205
4986,74.67063694918296
4987,26.11656817763421
4988,55.66737882649294
4989,36.469075086297664
4990,70.18472877209452
4991,66.38422689862983
4992,32.9024004440187
4993,27.15316342572297
4994,51.78291064679949
4995,33.74555251004753
4996,60.942430235373145
4997,63.13353461053344
4998,53.10131826329106
4999,80.35699012305673
